scenario,day,normalized_surrogate_burden
A1_Full_coupled_model,0,1.0
A1_Full_coupled_model,3,0.78
A1_Full_coupled_model,7,0.52
A1_Full_coupled_model,10,0.37
A1_Full_coupled_model,14,0.29
A2_Cooling_compression,0,1.0
A2_Cooling_compression,3,0.83
A2_Cooling_compression,7,0.62
A2_Cooling_compression,10,0.5
A2_Cooling_compression,14,0.42
A3_Drug_compression,0,1.0
A3_Drug_compression,3,0.86
A3_Drug_compression,7,0.66
A3_Drug_compression,10,0.55
A3_Drug_compression,14,0.46
A4_Baseline_contact_model,0,1.0
A4_Baseline_contact_model,3,0.93
A4_Baseline_contact_model,7,0.82
A4_Baseline_contact_model,10,0.75
A4_Baseline_contact_model,14,0.69
