time_h,cooling_on,skin_temperature_C,muscle_temperature_C,effective_diffusivity_m2_s,absorption_flux_mg_cm2_h,cumulative_mass_mg_cm2,temperature_penalty_raw,concentration_penalty_raw
0.0,1.0,31.5,36.097354585577165,4.632387893301772e-10,0.03752163954350853,0.0,8.191583741729746,0.0125
0.08333333333333333,1.0,27.310806822231932,35.86120047165541,4.09503274010353e-10,0.03316914427982277,0.002764095356651897,4.561512263476958,0.012162498168861032
0.16666666666666666,1.0,24.07431317987337,35.64192598063385,3.7141032471915596e-10,0.03008367314619822,0.005271068118835082,2.4785361698849617,0.01186038590986851
0.25,1.0,21.58214029530535,35.438438756448456,3.4400737417812376e-10,0.02786407570247823,0.007593074427374934,1.3035816968755936,0.011583953098777753
0.3333333333333333,1.0,19.671423033491216,35.24971608030249,3.240887140640146e-10,0.026250694435179907,0.00978063229697326,0.655912957150201,0.011326508159965892
0.41666666666666663,1.0,18.214869123604085,35.07480042955179,3.095202053102277e-10,0.025070667315826516,0.011869854573292135,0.3101734065423096,0.011083336797699385
0.5,1.0,17.11298957482795,34.912795320027406,2.9884421116884696e-10,0.024205927977998785,0.013887015238125367,0.13394174829994795,0.0108510567191476
0.5833333333333333,0.0,31.59127403171395,36.1312502545758,4.644673845000837e-10,0.0376211538893965,0.017022111395575072,8.283705762632326,0.010494926699367309
0.6666666666666666,0.0,31.604188906600157,36.13586069144986,4.6464142873926236e-10,0.03763525120887298,0.020158382329647822,8.296776267589532,0.010144608552089117
0.75,0.0,31.617054193209675,36.14040646599297,4.648148548821023e-10,0.03764929846348322,0.023295823868271424,8.309805239955589,0.009800109413662867
0.8333333333333333,0.0,31.629863768362863,36.14488541466266,4.64987579782057e-10,0.03766328891848303,0.02643443127814501,8.322786320883381,0.009461436451303632
0.9166666666666666,0.0,31.642611535395705,36.149295405721936,4.651595205577184e-10,0.03767721586060402,0.029574199266528677,8.335713160134857,0.009128596857547787
1.0,0.0,31.655291427061513,36.1536343402539,4.653305946335195e-10,0.03769107260135046,0.032715121983307886,8.348579419430722,0.00880159784469533
1.0833333333333333,1.0,14.53366635317842,34.07607956356075,2.749818993516436e-10,0.022273116902366386,0.034571215058505085,0.0,0.008611165003878596
1.1666666666666665,1.0,14.517700787503445,33.99123327165898,2.748390155201648e-10,0.022261543528666196,0.03642634368589393,0.0,0.00842291220210404
1.25,1.0,14.539165280341791,33.913408761769624,2.750311255238656e-10,0.022277104147676505,0.038282769031533645,0.0,0.00823661054232274
1.3333333333333333,1.0,14.589600259585717,33.84214205301273,2.754829407522129e-10,0.022313700496101534,0.040142244072875435,0.0,0.008052091423633877
1.4166666666666665,1.0,14.662394737665787,33.77699874053718,2.7613608962672373e-10,0.022366604564590876,0.04200612778659134,0.0,0.00786923257171239
1.5,1.0,14.752382551456895,33.71757211129716,2.769451881981766e-10,0.022432140322071633,0.04387547281343064,0.0,0.007687947401249332
1.5833333333333333,1.0,14.855526789299372,33.66348138009848,2.778748703111657e-10,0.022507443163580356,0.045751093077062335,0.0,0.007508176877825426
1.6666666666666665,0.0,31.75357095704442,36.18554751807297,4.66658210082114e-10,0.0377986074396713,0.048900977030368276,8.448574652733848,0.007211058305729433
1.75,0.0,31.7653732141314,36.1891583892297,4.668178385154202e-10,0.03781153710073027,0.05205193845542914,8.460614123766948,0.006919839344807194
1.8333333333333333,0.0,31.77704916794102,36.192679231237946,4.669758002305399e-10,0.037824331760143326,0.055203966102107746,8.472531038477838,0.006634527160102333
1.9166666666666665,0.0,31.788593261351632,36.1961083683676,4.671320186824156e-10,0.037836985217876866,0.05835704820359748,8.484319415430623,0.006355128878274463
2.0,0.0,31.8,36.19944416853509,4.672864181126583e-10,0.03784949133761625,0.06151117248173217,8.495973326268656,0.0060816515821457634
2.083333333333333,0.0,31.81126395489631,36.202685044080226,4.674389235882822e-10,0.03786184404990324,0.06466632615255744,8.507486899140964,0.00581410230528234
2.1666666666666665,1.0,15.75140791050391,33.40699391900258,2.86053436745455e-10,0.023169894643893067,0.06659715070621519,0.016938415439035598,0.005653341490131421
2.25,1.0,15.888805941440669,33.38449422629582,2.8732429948912387e-10,0.02327283259916699,0.06853655342281244,0.02369928004620702,0.005494135296018705
2.333333333333333,1.0,16.026510243655963,33.36482950998166,2.886024403222881e-10,0.02337636006865454,0.07048458342853364,0.03161169840991873,0.005336509949434028
2.4166666666666665,1.0,16.164181101325457,33.34780279708254,2.898847299870975e-10,0.02348022358721462,0.0724412687274682,0.04065952910050065,0.0051804937144407795
2.5,1.0,16.30155388563026,33.33322969469718,2.9116869825987823e-10,0.023584223070475165,0.0744066206500078,0.05082127551597676,0.0050261164229858865
2.583333333333333,1.0,16.43842265818166,33.320937590664656,2.9245239195012276e-10,0.02368820031296662,0.07638063734275502,0.06207179230711188,0.0048734091089830435
2.6666666666666665,0.0,31.885672565811923,36.22258958797119,4.68447327737164e-10,0.037943523256955894,0.07954259761416801,8.583672646006713,0.0046337128959161224
2.75,0.0,31.89560748906004,36.22501948083946,4.685820955475454e-10,0.03795443924525323,0.08270546755127245,8.593860027300176,0.004399994581589726
2.833333333333333,0.0,31.905354124569396,36.227342276621854,4.68714338366132e-10,0.03796515071304374,0.08586923011069275,8.60385732359253,0.004172260594639266
2.9166666666666665,0.0,31.91490783346936,36.2295568697934,4.688439915634535e-10,0.03797565242543832,0.08903386781281261,8.613659412364015,0.003950517264922077
3.0,0.0,31.924264068711928,36.231662206327684,4.689709917355927e-10,0.03798593924681582,0.09219936275004727,8.623261263834728,0.00373477081869628
3.083333333333333,0.0,31.933418377235853,36.233657284198536,4.690952767376104e-10,0.03799600614353041,0.09536569659534146,8.632657944052388,0.003525027373878371
3.1666666666666665,0.0,31.942366402086073,36.23554115385694,4.692167857163706e-10,0.0380058481865703,0.09853285061088898,8.641844617933533,0.0033212929353830505
3.25,1.0,17.501896950547973,33.287340035144304,3.025787727976739e-10,0.024508421807352927,0.10057521909483506,0.1877846505348374,0.003193129017864612
3.333333333333333,1.0,17.630047889790493,33.28941793777888,3.0381735170206863e-10,0.02460874482059647,0.10262594782988477,0.20751455707774277,0.003066977702540771
3.4166666666666665,1.0,17.757048813694706,33.29255542850628,3.0504873444267377e-10,0.024708484955484333,0.1046849882428418,0.22803954483286148,0.0029428729809568214
3.5,1.0,17.882890065596026,33.296669236947615,3.062727293621984e-10,0.024807626688066565,0.10675229046684735,0.2493316539093678,0.0028208488041393384
3.583333333333333,1.0,18.00756507602658,33.30168146254935,3.074891743115992e-10,0.024906156884516514,0.10882780354055706,0.27136343059604306,0.0027009390606643146
3.6666666666666665,1.0,18.131069699013125,33.30751923543605,3.086979306397724e-10,0.02500406431430501,0.11091147556674914,0.29410792380234424,0.0025831775584164666
3.75,0.0,31.998881767381526,36.245545866692275,4.699847941162833e-10,0.03806805570245985,0.11408381354195414,8.699887130363168,0.00240892870209681
3.833333333333333,0.0,32.006034867487735,36.24651232155486,4.70082069541439e-10,0.03807593486440225,0.11725680811398766,8.707232516782017,0.00224072965810333
3.9166666666666665,0.0,32.012947122403766,36.24736144990345,4.701760844930803e-10,0.038083549932933725,0.12043043727506547,8.714329305425302,0.002078585308221711
4.0,0.0,32.01961524227066,36.24809284759894,4.702667926965012e-10,0.03809089715987325,0.12360467870505491,8.721173804972505,0.0019225003811473675
4.083333333333333,0.0,32.026036053424505,36.248706166535634,4.703541494848947e-10,0.03809797292727718,0.126779509782328,8.727762452582214,0.0017724794489025525
4.166666666666666,0.0,32.032206499906934,36.249201114806944,4.704381118234861e-10,0.03810477374939402,0.12995490759477749,8.73409181616886,0.0016285269233725485
4.25,0.0,32.038123644919615,36.249577456844285,4.705186383328079e-10,0.03811129627454966,0.13313084895098998,8.740158596600136,0.0014906470529636377
4.333333333333333,1.0,19.076952284458567,33.37662312087747,3.180793675121691e-10,0.02576394647623543,0.13527784449067626,0.4986461978925579,0.0014008921654357057
4.416666666666666,1.0,19.189951010108,33.387299477546534,3.1921487101282513e-10,0.02585592053806565,0.13743250453551506,0.5266706840131516,0.0013136185142732985
4.5,1.0,19.30179793857448,33.398288590897785,3.2034192339591915e-10,0.025947210072187463,0.1395947720415307,0.5551639651297096,0.0012288582494577656
4.583333333333333,1.0,19.41249746679352,33.409555848934495,3.2146047894302465e-10,0.026037811375477653,0.14176458965615382,0.5841040168337772,0.0011466433396795652
4.666666666666666,1.0,19.52205417963984,33.42106894927376,3.225704949587377e-10,0.02612772098967324,0.1439418997386266,0.6134692201079448,0.001067005566960714
4.75,1.0,19.630472824487555,33.432797755078866,3.236719315357725e-10,0.02621693568234458,0.14612664437882197,0.6432383573495326,0.0009899765214926692
4.833333333333333,0.0,32.07223017044893,36.24888295915478,4.709830023640766e-10,0.038148909056984016,0.14930572013357063,8.775025462696947,0.0008830440178095114
4.916666666666666,0.0,32.076029912631554,36.24830875598671,4.71034758200213e-10,0.03815310120123556,0.15248514523367357,8.77888942231809,0.0007822106303930296
5.0,0.0,32.07955549577344,36.24761637129915,4.710827836826595e-10,0.038156991192494424,0.1556648944997148,8.782467410194815,0.0006874790996303343
5.083333333333333,0.0,32.082805241887954,36.24680613462971,4.711270550680962e-10,0.0381605771075877,0.15884494259201376,8.785757558715243,0.0005988519768117489
5.166666666666666,0.0,32.08577760427196,36.24587843160716,4.711675504643973e-10,0.038163857173286374,0.16202526402312095,8.788758151606118,0.0005163316222305042
5.25,0.0,32.08847116824194,36.244833703767895,4.712042498426267e-10,0.03816682976727702,0.16520583317039406,8.791467625035809,0.0004399202034282066
5.333333333333333,1.0,20.357963090298252,33.51880388281344,3.311389302598736e-10,0.026821751257056447,0.16744097910848207,0.8612330543099519,0.00038988104529076063
5.416666666666666,1.0,20.45746283295357,33.531392475472465,3.3217058575104073e-10,0.026905313787579044,0.16968308859078032,0.8935170171920883,0.0003427203588774026
5.5,1.0,20.5558724372015,33.54400332589466,3.3319340891866e-10,0.026988160913286395,0.17193210200022088,0.9260315561536603,0.0002984675931060181
5.583333333333333,1.0,20.65319769866419,33.55662178272706,3.3420738252768186e-10,0.027070291238165626,0.17418795960340133,0.9587593266054628,0.0002571519616620511
5.666666666666666,1.0,20.7494444985051,33.56923426810842,3.3521249144909806e-10,0.027151703536790008,0.1764506015648005,0.9916833612417164,0.0002188024394941115
5.75,1.0,20.84461880283977,33.58182821204767,3.362087226574841e-10,0.027232396754119897,0.17871996796097717,1.024787068515245,0.0001834477594412441
5.833333333333333,1.0,20.938726662385516,33.59439199094378,3.371960652305393e-10,0.027312370005465502,0.18099599879476594,1.0580542311158585,0.00015111640899286255
5.916666666666666,0.0,32.09985721624795,36.232334230699095,4.713594073505763e-10,0.03817939729016122,0.18417761523561268,8.802526457605063,0.00011116979519908566
6.0,0.0,32.1,36.23026524850072,4.713613533134801e-10,0.03817955491020583,0.18735924481146318,8.80257105163337,7.734268399122666e-05
6.083333333333333,0.0,32.09985721624795,36.22808667251519,4.713594073505763e-10,0.03817939729016122,0.19054086125230993,8.802317441986197,4.9635354672216565e-05
6.166666666666666,0.0,32.09942893294912,36.22579953962667,4.713535704253088e-10,0.038178924508064864,0.19372243829464866,8.8017657852163,2.804788439291298e-05
6.25,0.0,32.09871535394316,36.22340493838655,4.713438454274702e-10,0.0381781367979856,0.19690394969448083,8.800916395520522,1.2580148168103292e-05
6.333333333333333,0.0,32.09771681885505,36.22090400849533,4.713302371716205e-10,0.038177034549895475,0.20008536924030543,8.799769744491963,3.2318190467405994e-06
6.416666666666666,1.0,21.568147212221884,33.68069116917282,3.438581062918612e-10,0.027851985230020467,0.20240636800947379,1.2942167340425432,2.721245719714652e-07
6.5,1.0,21.65395147140258,33.69269130807681,3.447741994543217e-10,0.02792618738714081,0.20473355029173554,1.3282521055134162,0.0
6.583333333333333,1.0,21.73874754385479,33.70459084812766,3.456814005791119e-10,0.027999669302692536,0.2070668560669599,1.3623215537942683,0.0
6.666666666666666,1.0,21.82254232601153,33.71638498939675,3.46579719855082e-10,0.028072431801957055,0.20940622538378964,1.3964125137065642,0.0
6.75,1.0,21.905342798965734,33.7280694102447,3.4746916958274504e-10,0.028144475881257285,0.21175159837389443,1.4305127751368374,0.0
6.833333333333333,1.0,21.987156028344547,33.739640238972946,3.483497641713301e-10,0.028215802707718923,0.21410291526620434,1.4646104809329463,0.0
6.916666666666666,1.0,22.067989164128896,33.751094027220994,3.4922152013486354e-10,0.028286413618953066,0.2164601164011171,1.4986941247273047,0.0
7.0,0.0,32.07955549577344,36.197221929548284,4.710827836826595e-10,0.038156991192494424,0.21963986566715832,8.780003284967968,0.0
7.083333333333333,0.0,32.076029912631554,36.193823480599804,4.71034758200213e-10,0.03815310120123556,0.22281929076726126,8.776228217369257,0.0
7.166666666666666,0.0,32.07223017044893,36.190332782172,4.709830023640766e-10,0.038148909056984016,0.2259983665220099,8.77216913242987,0.0
7.25,0.0,32.06815807769706,36.186751495648274,4.709275417557577e-10,0.038144416831803106,0.2291770679246602,8.767828187206133,0.0
7.333333333333333,0.0,32.06381557247155,36.18308132552705,4.708684037809542e-10,0.03813962674551279,0.23235537015345292,8.763207685195892,0.0
7.416666666666666,0.0,32.05920472156968,36.17932401861052,4.708056176545686e-10,0.0381345411644759,0.2355332485838259,8.75831007479019,0.0
7.5,1.0,22.60699666935306,33.8277817886348,3.5507815681907034e-10,0.02876079231016726,0.23792998127633985,1.7359919498264558,0.0
7.583333333333333,1.0,22.680256472066326,33.83821833501903,3.5588004876549196e-10,0.028825744341947634,0.2403321266381688,1.7695901843015003,0.0
7.666666666666666,1.0,22.752604267854473,33.84852219735723,3.566733442773057e-10,0.02889000007555923,0.24273962664446538,1.8030861880186615,0.0
7.75,1.0,22.824048027168377,33.858693009656015,3.5745808047518487e-10,0.028953562517720303,0.2451524235209421,1.8364718259431212,0.0
7.833333333333333,1.0,22.89459579884253,33.86873062427585,3.582342964733059e-10,0.02901643483661984,0.24757045975732708,1.8697392848130638,0.0
7.916666666666666,1.0,22.96425570918221,33.8786350992684,3.590020333629731e-10,0.02907862036059118,0.24999367812070966,1.9028810700372434,0.0
8.0,0.0,32.01961524227066,36.15073826202178,4.702667926965012e-10,0.03809089715987325,0.2531679195506991,8.716503060801571,0.0
8.083333333333332,0.0,32.012947122403766,36.14635153878999,4.701760844930803e-10,0.038083549932933725,0.2563415487117769,8.709493530700922,0.0
8.166666666666666,0.0,32.006034867487735,36.14189516015211,4.70082069541439e-10,0.03807593486440225,0.2595145432838104,8.702235148561833,0.0
8.25,0.0,31.998881767381526,36.13737124710301,4.699847941162833e-10,0.03806805570245985,0.2626868812590154,8.694731707317217,0.0
8.333333333333332,0.0,31.991491226573395,36.1327819527803,4.698843060752624e-10,0.03805991632350355,0.26585854095264067,8.686987122132514,0.0
8.416666666666666,0.0,31.98386676256049,36.12812946143951,4.697806548331981e-10,0.03805152073005897,0.26902950101347894,8.679005427887562,0.0
8.5,0.0,31.97601200417474,36.12341598741453,4.696738913355202e-10,0.038042873048628696,0.27219974043419803,8.670790776592119,0.0
8.583333333333332,1.0,23.490571879911084,33.95314386789616,3.648442492771282e-10,0.02955183099129688,0.27466239301680606,2.162694325438105,0.0
8.666666666666666,1.0,23.552618975845892,33.96188123624808,3.655378401217107e-10,0.029608010798041328,0.2771297272499762,2.194418740379977,0.0
8.75,1.0,23.61386349103301,33.970495040509846,3.662234671936746e-10,0.029663545551278852,0.27960168937924945,2.225959327264541,0.0
8.833333333333332,1.0,23.674314326831986,33.97898694487101,3.6690119196801066e-10,0.02971844023039049,0.2820782260651153,2.2573118712204794,0.0
8.916666666666666,1.0,23.733980446581818,33.9873587128048,3.675710776241754e-10,0.029772699952816423,0.28455928439451667,2.288472433238206,0.0
9.0,1.0,23.79287087395523,33.995612200982116,3.6823318901748296e-10,0.029826329971738758,0.2870448118921616,2.3194373461815063,0.0
9.083333333333332,0.0,31.91490783346936,36.08890598146899,4.688439915634535e-10,0.03797565242543832,0.2902094495942814,8.607137535172471,0.0
9.166666666666666,0.0,31.905354124569396,36.08378761746069,4.68714338366132e-10,0.03796515071304374,0.29337321215370177,8.597221854308087,0.0
9.25,0.0,31.89560748906004,36.0786293750844,4.685820955475454e-10,0.03795443924525323,0.29653608209080623,8.58711539930735,0.0
9.333333333333332,0.0,31.885672565811923,36.07343370938412,4.68447327737164e-10,0.037943523256955894,0.2996980423622192,8.576823338563244,0.0
9.416666666666666,0.0,31.875554083310437,36.06820309321533,4.683101007560235e-10,0.037932408079555835,0.30285907636884885,8.566350925529163,0.0
9.5,0.0,31.86525685740523,36.06294001606803,4.681704815821909e-10,0.0379210991381749,0.30601916796369677,8.5557034955428,0.0
9.583333333333332,0.0,31.85478578901815,36.05764698288191,4.680285383157013e-10,0.03790960194881269,0.3091783014594311,8.544886462618628,0.0
9.666666666666666,1.0,24.237170730033153,34.05763126540587,3.7325851833353716e-10,0.03023337402661391,0.3116977492949823,2.5597596928734365,0.0
9.75,1.0,24.28949506855464,34.06491651441298,3.738538411793559e-10,0.030281594274458708,0.31422121548452053,2.5888415588610294,0.0
9.833333333333332,1.0,24.34113687297114,34.072106033534396,3.744421236307176e-10,0.03032924426102758,0.3167486525062728,2.617705142387432,0.0
9.916666666666666,1.0,24.392105708316876,34.07920237816758,3.75023446868282e-10,0.03037633056183088,0.3192800133864254,2.6463494890859534,0.0
10.0,1.0,24.442411176574026,34.08620814300481,3.7559789334699443e-10,0.030422859855594155,0.32181525170772496,2.6747738648247026,0.0
10.083333333333332,1.0,24.492062914454145,34.0931259587158,3.76165546758439e-10,0.03046883892120881,0.3243543216178257,2.7029777511586714,0.0
10.166666666666666,0.0,31.77704916794102,36.01997008710491,4.669758002305399e-10,0.037824331760143326,0.32750634926450434,8.464888143077088,0.0
10.25,0.0,31.7653732141314,36.01452904109497,4.668178385154202e-10,0.03781153710073027,0.3306573106895652,8.452917553777942,0.0
10.333333333333332,0.0,31.75357095704442,36.009081080048354,4.66658210082114e-10,0.0377986074396713,0.3338071946428711,8.4408290869039,0.0
10.416666666666666,0.0,31.741648013915242,36.00362879689947,4.664969922233233e-10,0.03778554903755806,0.336955990396001,8.428628761894283,0.0
10.5,0.0,31.729610059419056,35.998174786639794,4.663342629401067e-10,0.03777236821235805,0.34010368774703087,8.416322640300125,0.0
10.583333333333332,0.0,31.717462822970223,35.99272164508283,4.661701009023433e-10,0.037759071336212174,0.3432502770250485,8.403916822414066,0.0
10.666666666666666,1.0,24.822136348687554,34.13931520711433,3.7995618667653423e-10,0.030775875006964198,0.3458149332756289,2.8942308735662783,0.0
10.75,1.0,24.866908573162334,34.145627453329695,3.804726440206769e-10,0.030817707268754147,0.3483830755480251,2.9206765437343307,0.0
10.833333333333332,1.0,24.911114977567966,34.1518765570867,3.80983110714437e-10,0.030859054296946516,0.35095466340610393,2.9469060029571614,0.0
10.916666666666666,1.0,24.95476541658033,34.15806535164701,3.8148768064009805e-10,0.03089992369586392,0.35352965704742595,2.972920634974312,0.0
11.0,1.0,24.997869753100073,34.164196676890796,3.8198644847269723e-10,0.030940323134040812,0.35610801730859604,2.998721987998599,0.0
11.083333333333332,1.0,25.04043785568604,34.17027337714758,3.824795096376131e-10,0.03098026034078817,0.3586897056703284,3.0243117700167987,0.0
11.166666666666666,1.0,25.0824795959684,34.17629829909148,3.8296696026791354e-10,0.031019743102738733,0.3612746842622233,3.049691844093574,0.0
11.25,0.0,31.617054193209675,35.94943857696529,4.648148548821023e-10,0.03764929846348322,0.3644121258008469,8.301823374030615,0.0
11.333333333333332,0.0,31.604188906600157,35.94410959011449,4.6464142873926236e-10,0.03763525120887298,0.3675483967349196,8.288799535744836,0.0
11.416666666666666,0.0,31.59127403171395,35.938807204071786,4.644673845000837e-10,0.0376211538893965,0.37068349289236935,8.275738399191113,0.0
11.5,0.0,31.57831571533203,35.933533942485745,4.6429280553554045e-10,0.037607013257976274,0.37381741066386737,8.262646271152208,0.0
11.583333333333332,0.0,31.565320124911178,35.928292315143295,4.6411777540036054e-10,0.03759283608241857,0.37695014700406887,8.2495294576707,0.0
11.666666666666666,0.0,31.552293445648594,35.923084816775166,4.6394237779239376e-10,0.03757862914212231,0.3800816994325791,8.23639426090506,0.0
11.75,1.0,25.362862283777705,34.21726165448171,3.862302236244096e-10,0.031284062486646606,0.38268870463979965,3.2216674413762743,0.0
11.833333333333332,1.0,25.40104800545865,34.222974462548436,3.8667632147274074e-10,0.03132019573595939,0.38529872095112955,3.2454539883556617,0.0
11.916666666666666,1.0,25.438795912591036,34.22866089851214,3.871176987081926e-10,0.03135594662278664,0.38791171650302847,3.2690538031418197,0.0
12.0,1.0,25.476115761755967,34.234323728782066,3.8755445616080454e-10,0.03139132331420866,0.39052766011254586,3.292470043611354,0.0
12.083333333333332,1.0,25.513017283205702,34.23996570240775,3.87986694890621e-10,0.031426333995935835,0.3931465212788738,3.315705971909454,0.0
12.166666666666666,1.0,25.549510178141805,34.24558954954649,3.8841451614410505e-10,0.03146098686877813,0.3957682701846053,3.338764949961526,0.0
12.25,1.0,25.585604115991263,34.25119797996729,3.888380213106306e-10,0.03149529014512112,0.39839287769669873,3.361650435014735,0.0
12.333333333333332,0.0,31.447706554351406,35.882946939251056,4.625360268547494e-10,0.03746471684857222,0.40151493743407973,8.13140343289228,0.0
12.416666666666666,0.0,31.434679875088822,35.87815579916073,4.6236109202163483e-10,0.03745054739233731,0.4046358163834412,8.118384230051479,0.0
12.5,0.0,31.42168428466797,35.87342265031094,4.621866257025106e-10,0.03743641588502522,0.4077555177071933,8.10540878488085,0.0
12.583333333333332,0.0,31.40872596828605,35.8687497454242,4.62012710521979e-10,0.03742232901910346,0.4108740451254519,8.09248315947264,0.0
12.666666666666666,0.0,31.395811093399843,35.86413930855014,4.618394287712248e-10,0.03740829346003323,0.413991402913788,8.07961337720523,0.0
12.75,0.0,31.382945806790325,35.85959353400703,4.616668623697909e-10,0.03739431584317328,0.4171075959007191,8.066805420120994,0.0
12.833333333333332,1.0,25.827895183867096,34.290248004480596,3.9169023376220603e-10,0.031726315028992064,0.4197514554864684,3.517299423384367,0.0
12.916666666666666,1.0,25.8611408534145,34.29582773958704,3.920828631358139e-10,0.03175811741292457,0.4223979652708788,3.5389314191312837,0.0
13.0,1.0,25.894072712258236,34.3014152982946,3.924720882422181e-10,0.03178964405637534,0.4250471022755768,3.5604246077990855,0.0
13.083333333333332,1.0,25.926699962840985,34.30701311152514,3.9285800953810287e-10,0.0318209030961835,0.4276988442002587,3.5817831623384753,0.0
13.166666666666666,1.0,25.959031746141985,34.31262357549971,3.932407271552962e-10,0.031851902642875275,0.43035316942049834,3.6030113043884353,0.0
13.25,1.0,25.99107713903957,34.31824905061598,3.9362034085974867e-10,0.03188265077734138,0.4330100569852768,3.6241133002895487,0.0
13.333333333333332,1.0,26.022845151690063,34.32389186035368,3.939969500108419e-10,0.03191315554754108,0.4356694866142385,3.6450934571441143,0.0
13.416666666666666,0.0,31.28253717702978,35.825807875179805,4.6032176172202905e-10,0.03728536473023207,0.43877660034175786,7.967269680574888,0.0
13.5,0.0,31.270389940580944,35.82193739533849,4.601592400272312e-10,0.03727220071937923,0.44188261706837284,7.955279286193844,0.0
13.583333333333332,0.0,31.258351986084758,35.81815166365314,4.599982242687495e-10,0.03725915868708458,0.4449875469589632,7.943407721997553,0.0
13.666666666666666,0.0,31.24642904295558,35.81445248192703,4.598387898546875e-10,0.0372462447412902,0.44809140068740405,7.931660356340059,0.0
13.75,0.0,31.2346267858686,35.8108416107703,4.5968101139122857e-10,0.03723346492498381,0.45119418943115275,7.920042488648397,0.0
13.833333333333332,0.0,31.22295083205898,35.807320768762054,4.595249626495686e-10,0.037220825213520416,0.45429592486561277,7.9085593474555855,0.0
13.916666666666666,1.0,26.238196241253085,34.36406383716503,3.9655732891854083e-10,0.03212054235685468,0.456972636728684,3.788911642707449,0.0
14.0,1.0,26.26806072116787,34.36992419952815,3.9691341665495973e-10,0.032149384923581645,0.45965175213898246,3.8090757724777853,0.0
14.083333333333332,1.0,26.29772548706942,34.375820979479734,3.972673692479058e-10,0.03217805454692475,0.4623332566845595,3.8291580354353396,0.0
14.166666666666666,1.0,26.32719874227893,34.381756077127555,3.9761927983752727e-10,0.03220655877109478,0.4650171365821507,3.849162940412562,0.0
14.25,1.0,26.356488596021396,34.387731345416036,3.979692407362203e-10,0.032234905073255854,0.46770337867158873,3.8690949969469206,0.0
14.333333333333332,1.0,26.38560306110332,34.39374858935588,3.9831734339312115e-10,0.03226310086064934,0.47039197040997616,3.888958711950159,0.0
14.416666666666666,0.0,31.14521421098185,35.785330856639284,4.5848706027779265e-10,0.037136756695140424,0.4734867001345712,7.832373148642505,0.0
14.5,0.0,31.13474314259477,35.78258681261134,4.583473943545508e-10,0.037125443967128226,0.47658048713183193,7.822146930710731,0.0
14.583333333333332,0.0,31.124445916689563,35.77994624548553,4.5821007931055427e-10,0.037114321656770345,0.4796733472698961,7.812099006524341,0.0
14.666666666666666,0.0,31.114327434188077,35.77741041202881,4.5807517885980134e-10,0.03710339492480404,0.4827652968469631,7.80223379866141,0.0
14.75,0.0,31.10439251093996,35.77498051916054,4.5794275555168397e-10,0.037092668837635207,0.48585635258343274,7.792555640494139,0.0
14.833333333333332,0.0,31.094645875430604,35.772657723378146,4.5781287074434763e-10,0.0370821483651806,0.4889465316138644,7.78306877481538,0.0
14.916666666666666,0.0,31.08509216653064,35.7704431302066,4.5768558457865806e-10,0.03707183837875916,0.49203585147876105,7.773777352511211,0.0
15.0,1.0,26.613132728319478,34.443597883395555,4.010459297541083e-10,0.032484112218632406,0.49474286083031377,4.045945552966949,0.0
15.083333333333332,1.0,26.6410122578458,34.45006587783062,4.0138126412052835e-10,0.03251127379385706,0.4974521336464685,4.065394991619486,0.0
15.166666666666666,1.0,26.668790738061396,34.45659111139363,4.017155998318281e-10,0.03253835447953118,0.5001636631864295,4.0848203186600225,0.0
15.25,1.0,26.696474978207952,34.463174818670794,4.0204901665443306e-10,0.03256536073661429,0.502877443247814,4.104225807475341,0.0
15.333333333333332,1.0,26.724071666154817,34.469818179172144,4.023815931090773e-10,0.03259229892516682,0.5055934681582446,4.123615692994025,0.0
15.416666666666666,1.0,26.751587366595324,34.476522316913176,4.0271340644286543e-10,0.03261917530208709,0.5083117327667519,4.1429941690416845,0.0
15.5,0.0,31.02398799582526,35.758052579312455,4.56872128112604e-10,0.03700594963842343,0.5113955619032872,7.714538612970604,0.0
15.583333333333332,0.0,31.01613323743951,35.75673712703207,4.567676419610318e-10,0.03699748641857466,0.5144786857715017,7.706948737971014,0.0
15.666666666666666,0.0,31.008508773426605,35.75553745470414,4.566662369438227e-10,0.036989272765937484,0.5175611251686631,7.699587331375514,0.0
15.75,0.0,31.001118232618474,35.754454133307725,4.5656795973057845e-10,0.036981312460678886,0.520642901207053,7.692457561612363,0.0
15.833333333333332,0.0,30.99396513251227,35.75348767844514,4.564728555276747e-10,0.036973609164446745,0.5237240353040902,7.685562493431918,0.0
15.916666666666666,0.0,30.98705287759623,35.75263855009655,4.5638096805970566e-10,0.0369661664188669,0.5268045491723291,7.678905087073566,0.0
16.0,1.0,26.94245439783623,34.5252356394004,4.0502094138285156e-10,0.03280608213339413,0.529538389350112,4.278666511331937,0.0
16.083333333333332,1.0,26.969543189083737,34.53245968401716,4.0534926910662587e-10,0.03283267618118839,0.5322744456985443,4.298098924660226,0.0
16.166666666666664,1.0,26.996604258618543,34.53975206936711,4.0567746733439134e-10,0.032859259740002277,0.5350127173435445,4.3175554121371365,0.0
16.25,1.0,27.023642850996506,34.54711334757781,4.0600559918527117e-10,0.032885837922389076,0.537753203837077,4.3370396222495815,0.0
16.333333333333332,1.0,27.050664071064297,34.55454401250302,4.0633372624134134e-10,0.03291241571640356,0.5404959051467773,4.356555136609198,0.0
16.416666666666664,1.0,27.077672882777954,34.562044499636386,4.0666190852782003e-10,0.032938997983997395,0.5432408216454436,4.376105467901698,0.0
16.5,1.0,27.104674108078143,34.56961518605289,4.0699020449397054e-10,0.032965589459472276,0.5459879541003997,4.395694057883322,0.0
16.583333333333332,0.0,30.940795278430322,35.75010597136046,4.557664151640501e-10,0.03691638856614315,0.5490643198142449,7.634521802630205,0.0
16.666666666666664,0.0,30.936184427528456,35.750324215847925,4.5570519308166333e-10,0.036911429670298646,0.5521402722867697,7.63011895182377,0.0
16.75,0.0,30.931841922302937,35.75066129248626,4.5564753986931733e-10,0.0369067598475161,0.5552158356073961,7.625977458638222,0.0
16.833333333333332,0.0,30.927769829551064,35.75111704084522,4.5559348191556813e-10,0.03690238123522854,0.5582910340436651,7.622099088475675,0.0
16.916666666666664,0.0,30.923970087368442,35.75169124401329,4.555430439560673e-10,0.03689829583698623,0.5613658920300806,7.618485494828672,0.0
17.0,0.0,30.92044450422656,35.75238362870085,4.554962490636551e-10,0.03689450552165425,0.5644404341568852,7.615138218859469,0.0
17.083333333333332,1.0,27.2938450191736,34.62459497576691,4.092960299134647e-10,0.03315235782221154,0.5672031306420694,4.534158760663785,0.0
17.166666666666664,1.0,27.32094177594005,34.632733823469025,4.096271446414469e-10,0.03317917761312081,0.5699680621098294,4.554168187383142,0.0
17.25,1.0,27.348067796300093,34.640943639294,4.0995882537910653e-10,0.03320604324995572,0.5727352323806592,4.574243349060702,0.0
17.333333333333332,1.0,27.37522643306074,34.64922421897488,4.102911139243951e-10,0.03323295811828699,0.5755046455571831,4.594386878085756,0.0
17.416666666666664,1.0,27.402420888540806,34.6575753009964,4.106240503370462e-10,0.03325992546289227,0.5782763060124241,4.6146013168954,0.0
17.5,1.0,27.42965421416681,34.66599656686406,4.10957672928247e-10,0.03328694838691965,0.5810502183780007,4.634889116512642,0.0
17.583333333333332,1.0,27.456929310131382,34.67448764139977,4.1129201825105174e-10,0.033314029851111114,0.58382638753226,4.65525263512831,0.0
17.666666666666664,0.0,30.902283181144952,35.76212596907293,4.5525525367621354e-10,0.03687498526068408,0.5868993029706503,7.598095031054475,0.0
17.75,0.0,30.901284646056837,35.76386047253015,4.552420062746988e-10,0.03687391224124794,0.5899721289907544,7.597195258277567,0.0
17.833333333333332,0.0,30.900571067050887,35.76570736561317,4.5523253952173077e-10,0.03687314544861162,0.593044891111472,7.596570963145157,0.0
17.916666666666664,0.0,30.900142783752056,35.767665769300905,4.552268577402832e-10,0.03687268523292945,0.5961176148808827,7.596222430978203,0.0
18.0,0.0,30.9,35.76973475149928,4.552249635248207e-10,0.03687253180434912,0.5991903258645785,7.596149831753311,0.0
18.083333333333332,0.0,30.900142783752056,35.77191332748481,4.552268577402832e-10,0.03687268523292945,0.6022630496339892,7.59635322001405,0.0
18.166666666666664,1.0,27.64923630876327,34.73583654820587,4.1365536950891264e-10,0.03350545771953374,0.605055171110617,4.800095375848051,0.0
18.25,1.0,27.6769317634613,34.74486590196641,4.1399659904958526e-10,0.03353309679493421,0.6078495958435283,4.8211379680636215,0.0
18.333333333333332,1.0,27.704688259551073,34.75395919874398,4.143387999733188e-10,0.033560814550889724,0.6106463303894357,4.842273113171245,0.0
18.416666666666664,1.0,27.732507179986456,34.763115518503305,4.146819908898979e-10,0.03358861249476464,0.6134453814306661,4.8635021726522,0.0
18.5,1.0,27.76038975690316,34.772333889477835,4.15026188595176e-10,0.03361649198699763,0.616246755762916,4.884826402442371,0.0
18.583333333333332,1.0,27.788337072037375,34.78161328876862,4.153714080705368e-10,0.03364445424105804,0.6190504602830041,4.906246952041364,0.0
18.666666666666664,1.0,27.81635005720758,34.79095264296674,4.1571766248311426e-10,0.033672500323463764,0.6218565019766261,4.927764863666542,0.0
18.75,0.0,30.911528831758062,35.79315217113209,4.5537792838627445e-10,0.03688492172619178,0.6249302454538088,7.607884300247473,0.0
18.833333333333332,0.0,30.91422239572804,35.796264346227694,4.554136724027503e-10,0.03688781693732897,0.6280042301985862,7.610554972002225,0.0
18.916666666666664,0.0,30.917194758112043,35.799473488460194,4.5545311863913947e-10,0.036891012022665585,0.6310784812004749,7.6134958262050985,0.0
19.0,0.0,30.92044450422656,35.802778070451716,4.554962490636551e-10,0.03689450552165425,0.6341530233272795,7.616705648972692,0.0
19.083333333333332,0.0,30.923970087368442,35.806176519400196,4.555430439560673e-10,0.03689829583698623,0.637227881313695,7.620183111910792,0.0
19.166666666666664,0.0,30.927769829551064,35.809667217828,4.5559348191556813e-10,0.03690238123522854,0.640303079749964,7.62392677236722,0.0
19.25,1.0,28.01432678517839,34.85790639521191,4.181711474613303e-10,0.033871228886568655,0.6431256821571781,5.081181050142351,0.0
19.333333333333332,1.0,28.042880894748553,34.86768090835199,4.185259383507484e-10,0.03389996641065491,0.645950679358066,5.103502261037904,0.0
19.416666666666664,1.0,28.07150242497587,34.87750355677084,4.1888180145137825e-10,0.03392879078222358,0.648778078589918,5.1259252693845,0.0
19.5,1.0,28.100190848762956,34.887372801165526,4.19238731966454e-10,0.03395770161274387,0.6516078870576467,5.148450008220381,0.0
19.583333333333332,1.0,28.1289454985015,34.8972870600362,4.1959672333728794e-10,0.033986698370972034,0.6544401119218943,5.1710762970786845,0.0
19.666666666666664,1.0,28.157765567291822,34.907244710565614,4.1995576725255376e-10,0.03401578038370325,0.6572747602872029,5.193803841714309,0.0
19.75,0.0,30.96187635508039,35.83654020743919,4.560464071824364e-10,0.036939067495090655,0.6603530159117939,7.657440893619479,0.0
19.833333333333332,0.0,30.967793500093066,35.84070557495771,4.561250207132249e-10,0.03694543507188567,0.6634318021677843,7.663248595123729,0.0
19.916666666666664,0.0,30.973963946575495,35.844946757995196,4.562070107112695e-10,0.03695207613740881,0.6665111418459017,7.669304425471744,0.0
20.0,0.0,30.980384757729336,35.84926173797822,4.5629233955157884e-10,0.03695898764409283,0.6695910574829095,7.675605820143918,0.0
20.083333333333332,0.0,30.98705287759623,35.85364846121001,4.5638096805970566e-10,0.0369661664188669,0.6726715713511483,7.682150105238262,0.0
20.166666666666664,0.0,30.99396513251227,35.85810483984789,4.564728555276747e-10,0.036973609164446745,0.6757527054481854,7.6889344981239525,0.0
20.25,0.0,31.001118232618474,35.86262875289699,4.5656795973057845e-10,0.036981312460678886,0.6788344814865754,7.6959561081335535,0.0
20.333333333333332,1.0,28.39053947523172,34.98826037004868,4.228644430692227e-10,0.03425137871453341,0.6816887630461198,5.379196423132169,0.0
20.416666666666664,1.0,28.419889700330753,34.99852916034976,4.2323230223908316e-10,0.03428117474952055,0.6845455276085798,5.402803187071303,0.0
20.5,1.0,28.449289924069173,35.008823048149104,4.236010370174018e-10,0.034311041707465136,0.687404781084202,5.426503540773631,0.0
20.583333333333332,1.0,28.478737904228943,35.01914001928468,4.2397062063828876e-10,0.034340977420370684,0.6902665292025661,5.450298591533705,0.0
20.666666666666664,1.0,28.50823127834694,35.02947803017968,4.2434102475218167e-10,0.03437097959196564,0.6931307775018966,5.474186747164583,0.0
20.75,1.0,28.53776756564867,35.03983500893244,4.24712219444647e-10,0.03440104579922623,0.6959975313184988,5.498166256404608,0.0
20.833333333333332,0.0,31.057633597913924,35.896002455507876,4.573199005507727e-10,0.037042218526973925,0.6990843828624133,7.751484310951144,0.0
20.916666666666664,0.0,31.066581622764147,35.90098664973522,4.5743904249720697e-10,0.03705186884398447,0.7021720385994119,7.7602868900883,0.0
21.0,0.0,31.075735931288072,35.90601796895475,4.5756095595275566e-10,0.037061743649030955,0.7052605172368313,7.769295943176569,0.0
21.083333333333332,0.0,31.08509216653064,35.91109401853101,4.5768558457865806e-10,0.03707183837875916,0.7083498371017278,7.778507546385621,0.0
21.166666666666664,0.0,31.094645875430604,35.91621238253931,4.5781287074434763e-10,0.0370821483651806,0.7114400161321595,7.787917678263828,0.0
21.25,0.0,31.10439251093996,35.9213706249156,4.5794275555168397e-10,0.037092668837635207,0.7145310718686292,7.79752222096172,0.0
21.333333333333332,1.0,28.745490853912003,35.11268548717918,4.273298863928025e-10,0.034613072852953036,0.7174154946063752,5.668409524829771,0.0
21.416666666666664,1.0,28.775267617979527,35.123116590646376,4.277061477701165e-10,0.03464354945400394,0.7203024570608755,5.693043092306508,0.0
21.5,1.0,28.805059987124828,35.1335469259736,4.280828635255514e-10,0.03467406285899367,0.7231919622991251,5.717747133072188,0.0
21.583333333333332,1.0,28.834864414263297,35.1439742005012,4.284599892832733e-10,0.034704609473547,0.7260840130885873,5.7425187722396664,0.0
21.666666666666664,1.0,28.864677258335618,35.15439610595861,4.2883747935497173e-10,0.034735185596980016,0.7289786118883356,5.767355027484969,0.0
21.75,1.0,28.894494786772963,35.16481031967178,4.2921528676679045e-10,0.0347657874244816,0.7318757608403758,5.792252810219238,0.0
21.833333333333332,1.0,28.924313177999657,35.1752145057768,4.2959336328689816e-10,0.03479641104934656,0.7347754617611546,5.817208926831139,0.0
21.916666666666664,0.0,31.18873604510369,35.9637741376685,4.59067919261631e-10,0.03718380539209585,0.7378741122104959,7.880832453909957,0.0
22.0,0.0,31.2,35.969178920034366,4.592183450464482e-10,0.037195989652580856,0.7409737780148777,7.8919861555807795,0.0
22.083333333333332,0.0,31.211406738648368,35.97459837156504,4.593707165333255e-10,0.03720833151198254,0.7440744723075429,7.9032880930939555,0.0
22.166666666666664,0.0,31.22295083205898,35.98002991289509,4.595249626495686e-10,0.037220825213520416,0.7471762077420029,7.9147331835854775,0.0
22.25,0.0,31.2346267858686,35.98547095890503,4.5968101139122857e-10,0.03723346492498381,0.7502789964857516,7.926316266510169,0.0
22.333333333333332,0.0,31.24642904295558,35.990918919951646,4.598387898546875e-10,0.0372462447412902,0.7533828502141924,7.93803210555208,0.0
22.416666666666664,1.0,29.13272755977386,35.24756461846457,4.322431316172443e-10,0.03501103826635664,0.7563004367363887,5.993245413170057,0.0
22.5,1.0,29.162405449343662,35.25780331422241,4.326214832843867e-10,0.035041684177714215,0.7592205770845316,6.018541094324453,0.0
22.583333333333332,1.0,29.192046232207062,35.26801056861668,4.3299961821513994e-10,0.03507231253375289,0.7621432697956776,6.043861881010884,0.0
22.666666666666664,1.0,29.22164534177404,35.2781839815797,4.3337747724701967e-10,0.035102918542401156,0.7650685130075443,6.069203613368247,0.0
22.75,1.0,29.251198152112373,35.2883211534456,4.337550003019588e-10,0.035133497337426656,0.7679963044523299,6.094562044873617,0.0
22.833333333333332,1.0,29.28069998080636,35.298419686192716,4.341321264207228e-10,0.035164043981223844,0.7709266414507652,6.119932844436231,0.0
22.916666666666664,1.0,29.310146091837026,35.308477184684584,4.3450879379780934e-10,0.03519455346764072,0.7738595209064019,6.1453115985609745,0.0
23.0,0.0,31.344708572938487,36.0344402767794,4.611542680883315e-10,0.03735279648360326,0.7769722539467022,8.035886283753134,0.0
23.083333333333332,0.0,31.357388464604295,36.03983380359873,4.6132420120769834e-10,0.03736656080860853,0.7800861340140862,8.048549808241221,0.0
23.166666666666664,0.0,31.370136231637137,36.04520837168494,4.614950928276682e-10,0.03738040277070929,0.7832011675783119,8.061290018075573,0.0
23.25,0.0,31.38294580679032,36.05056142303471,4.616668623697909e-10,0.03739431584317328,0.7863173605652432,8.07410098531823,0.0
23.333333333333332,0.0,31.395811093399843,36.05589040988551,4.618394287712248e-10,0.03740829346003323,0.7894347183535793,8.086976733467363,0.0
23.416666666666664,0.0,31.40872596828605,36.061192795928214,4.62012710521979e-10,0.03742232901910346,0.7925532457718378,8.099911240071746,0.0
23.5,1.0,29.514301040356976,35.37753070040778,4.3712726785367213e-10,0.035406645895868026,0.7955037995964935,6.322798629298235,0.0
23.583333333333332,1.0,29.54312544614788,35.38717445355219,4.3749795063514025e-10,0.03543667063911403,0.7984568554830863,6.348073013421487,0.0
23.666666666666664,1.0,29.57184958207388,35.39675594934838,4.3786758633019504e-10,0.03546661056994822,0.8014124063639153,6.373312312944468,0.0
23.75,1.0,29.600468338248646,35.40627288903432,4.3823610668934383e-10,0.03549646016026518,0.8043704447106041,6.3985114240933205,0.0
23.833333333333332,1.0,29.6289765838936,35.41572299012326,4.3860344302934094e-10,0.035526213846826124,0.807330962531173,6.423665188853558,0.0
23.916666666666664,1.0,29.657369170369538,35.42510398758238,4.3896952627287813e-10,0.03555586603447384,0.8102939513673791,6.448768397900151,0.0
24.0,0.0,31.5,36.097354585577165,4.632387893301772e-10,0.03752163954350853,0.8134207546626716,8.191583741729746,0.0
