quantity,value,unit
PCM melting temperature Tm,8.6,C
PCM transition half-width deltaT,1.7,C
PCM latent heat Lf,182.0,kJ/kg
Reservoir diffusivity D_res_ref,4.7e-10,m2/s
Lumped activation energy E_D,22.4,kJ/mol
Partition coefficient K_res_to_mem,0.71,dimensionless
Partition coefficient K_mem_to_skin,0.19,dimensionless
Effective clearance coefficient k_clr,3.1e-06,m/s
Thermal self-consistency RMSE,0.28,C
Thermal self-consistency R2,0.989,dimensionless
Permeation self-consistency RMSE,0.023,mg/cm2
Permeation self-consistency R2,0.997,dimensionless
