design,group,peak_temp_dev_C,response_reduction_day14_pct
C01,candidate_pool,0.5695791266176397,71.73953554225139
C02,candidate_pool,1.2140546661669454,66.86103277596487
C03,candidate_pool,0.6896465167036482,69.90011697746239
C04,candidate_pool,0.9871133327183276,70.56470944865954
C05,candidate_pool,0.41603245873396166,74.93227252265079
C06,candidate_pool,1.4106217089098734,68.57944742050918
C07,candidate_pool,1.3907863395287134,69.18123787421226
C08,candidate_pool,0.43676357038897906,75.04078273439295
C09,candidate_pool,1.4526442699026285,67.88737796923368
C10,candidate_pool,0.5509302534916841,75.03417916343848
C11,candidate_pool,0.7122111882537405,71.93440626897203
C12,candidate_pool,1.066691502794712,69.86639320743728
C13,candidate_pool,1.4386476496583467,68.50994833462853
C14,candidate_pool,1.3380090952202135,67.95781401390485
C15,candidate_pool,0.4024851568703649,74.95254022099617
C16,candidate_pool,0.9733486299423222,71.63963961463946
C17,candidate_pool,1.0072413965910232,73.98819534349265
C18,candidate_pool,0.9339151550289807,72.69057820912737
C19,candidate_pool,1.2449475694708645,69.24725531739456
C20,candidate_pool,0.5767884284381272,73.66078307458211
C21,candidate_pool,1.2410164953727667,69.67666050386741
C22,candidate_pool,0.4228907777472728,79.86879364629489
C23,candidate_pool,0.5487311962060286,69.25296883426789
C24,candidate_pool,0.5279003191418589,76.03306046869069
C25,candidate_pool,0.7408873429390321,73.93930211497054
C26,candidate_pool,1.1385979097332029,72.19008034989209
C27,candidate_pool,0.9183527560750155,70.16337888835659
C28,candidate_pool,1.2977851278506296,73.27647325025171
C29,candidate_pool,0.7185454618836089,75.48500270099667
C30,candidate_pool,1.2064385753739377,70.04244518758362
C31,candidate_pool,1.172884590780771,70.66663901449009
C32,candidate_pool,0.7603264238897653,72.09016973450768
C33,candidate_pool,0.7681122820166615,73.41376085489722
C34,candidate_pool,1.4758638869181708,67.91752802167973
C35,candidate_pool,1.0870403229088876,72.70177880905464
C36,candidate_pool,1.445344877169478,69.04125140824853
C37,candidate_pool,1.2442232156825377,69.7099862299521
C38,candidate_pool,1.3075101785362508,70.61997695953569
C39,candidate_pool,0.8473043319873279,73.74778625862828
C40,candidate_pool,0.8964392525634457,72.79042773816397
D1,top_optimized_design,0.82,74.2
D2,top_optimized_design,0.61,72.9
D3,top_optimized_design,1.04,75.1
D4,top_optimized_design,0.48,70.8
D5,top_optimized_design,1.28,76.0
