temperature_C,time_h,model_prediction_mg_cm2,synthetic_reference_mg_cm2,residual_mg_cm2
15,0.0,0.0,0.04226314259500891,0.04226314259500891
15,0.5,0.08473440775267156,0.07308597348915075,-0.011648434263520815
15,1.0,0.16026379004739946,0.16108429413936406,0.0008205040919646023
15,2.0,0.28759875650459776,0.29778666357951045,0.010187907074912683
15,3.0,0.38877066612847677,0.3690475904128333,-0.019723075715643468
15,4.0,0.46915514795407903,0.4692067872767277,5.1639322648677766e-05
15,6.0,0.5837687286133899,0.5837464689669416,-2.2259646448308246e-05
15,8.0,0.6561224076366019,0.6122542999779663,-0.04386810765863558
22,0.0,0.0,0.02544145014158733,0.02544145014158733
22,0.5,0.14645651896671422,0.16146898186470296,0.015012462897988743
22,1.0,0.271884104651225,0.256248380302056,-0.01563572434916899
22,2.0,0.47129667365343203,0.467007967123539,-0.004288706529893049
22,3.0,0.6175552154209668,0.6301876997758856,0.012632484354918816
22,4.0,0.7248280977021684,0.7182941873223772,-0.00653391037979123
22,6.0,0.8612139170246427,0.855145190057829,-0.006068726966813709
22,8.0,0.9345819098959601,0.8982508745836904,-0.03633103531226978
32,0.0,0.0,0.013864507797297197,0.013864507797297197
32,0.5,0.27252405881177966,0.27562108144395564,0.003097022632175983
32,1.0,0.49122973890526495,0.49809123699926405,0.006861498093999108
32,2.0,0.8075995818794177,0.7694364685826717,-0.03816311329674604
32,3.0,1.0113532832871264,1.0526207755667882,0.041267492279661866
32,4.0,1.1425780879241902,1.1464364763105992,0.0038583883864089508
32,6.0,1.281521448012187,1.2718429494300274,-0.009678498582159634
32,8.0,1.339152779468309,1.3898795849873367,0.05072680551902775
