temperature_C,time_h,model_prediction_mg_cm2
15,0.0,0.0
15,0.020050125313283207,0.0035887113983275845
15,0.040100250626566414,0.007160911451141751
15,0.06015037593984962,0.010716676125690954
15,0.08020050125313283,0.014256081039705208
15,0.10025062656641603,0.017779201463003692
15,0.12030075187969924,0.021286112319096107
15,0.14035087719298245,0.024776888186775443
15,0.16040100250626566,0.028251603301704394
15,0.18045112781954886,0.031710331557993736
15,0.20050125313283207,0.03515314650977398
15,0.22055137844611528,0.03858012137275964
15,0.24060150375939848,0.041991329025806066
15,0.2606516290726817,0.04538684201245955
15,0.2807017543859649,0.04876673254249973
15,0.3007518796992481,0.05213107249347544
15,0.3208020050125313,0.055479933412233305
15,0.3408521303258145,0.05881338651643916
15,0.3609022556390977,0.06213150269609267
15,0.38095238095238093,0.06543435251503478
15,0.40100250626566414,0.06872200621244841
15,0.42105263157894735,0.07199453370435219
15,0.44110275689223055,0.07525200458508743
15,0.46115288220551376,0.07849448812879772
15,0.48120300751879697,0.08172205329090261
15,0.5012531328320802,0.08493476870956376
15,0.5213032581453634,0.08813270270714477
15,0.5413533834586466,0.09131592329166402
15,0.5614035087719298,0.09448449815824085
15,0.581453634085213,0.09763849469053543
15,0.6015037593984962,0.10077797996218166
15,0.6215538847117794,0.10390302073821346
15,0.6416040100250626,0.10701368347648477
15,0.6616541353383458,0.11011003432908276
15,0.681704260651629,0.1131921391437347
15,0.7017543859649122,0.1162600634652082
15,0.7218045112781954,0.11931387253670515
15,0.7418546365914787,0.1223536313012493
15,0.7619047619047619,0.12537940440306722
15,0.7819548872180451,0.12839125618896305
15,0.8020050125313283,0.13138925070968682
15,0.8220551378446115,0.134373451721297
15,0.8421052631578947,0.13734392268651585
15,0.8621553884711779,0.1403007267760792
15,0.8822055137844611,0.14324392687007995
15,0.9022556390977443,0.14617358555930512
15,0.9223057644110275,0.14908976514656722
15,0.9423558897243107,0.15199252764802884
15,0.9624060150375939,0.1548819347945217
15,0.9824561403508771,0.15775804803285937
15,1.0025062656641603,0.16062092852714405
15,1.0225563909774436,0.1634706371600674
15,1.0426065162907268,0.166307234534205
15,1.06265664160401,0.1691307809733054
15,1.0827067669172932,0.17194133652357282
15,1.1027568922305764,0.17473896095494418
15,1.1228070175438596,0.17752371376236037
15,1.1428571428571428,0.18029565416703094
15,1.162907268170426,0.18305484111769424
15,1.1829573934837092,0.1858013332918704
15,1.2030075187969924,0.1885351890971096
15,1.2230576441102756,0.19125646667223373
15,1.2431077694235588,0.1939652238885735
15,1.263157894736842,0.19666151835119844
15,1.2832080200501252,0.19934540740014228
15,1.3032581453634084,0.20201694811162224
15,1.3233082706766917,0.20467619729925302
15,1.3433583959899749,0.2073232115152547
15,1.363408521303258,0.20995804705165583
15,1.3834586466165413,0.21258075994148995
15,1.4035087719298245,0.21519140595998784
15,1.4235588972431077,0.21779004062576324
15,1.443609022556391,0.2203767192019935
15,1.463659147869674,0.22295149669759515
15,1.4837092731829573,0.22551442786839343
15,1.5037593984962405,0.2280655672182869
15,1.5238095238095237,0.23060496900040642
15,1.543859649122807,0.2331326872182689
15,1.5639097744360901,0.2356487756269261
15,1.5839598997493733,0.23815328773410716
15,1.6040100250626566,0.24064627680135708
15,1.6240601503759398,0.24312779584516916
15,1.644110275689223,0.24559789763811235
15,1.6641604010025062,0.24805663470995382
15,1.6842105263157894,0.2505040593487758
15,1.7042606516290726,0.2529402236020876
15,1.7243107769423558,0.2553651792779327
15,1.744360902255639,0.2577789779459902
15,1.7644110275689222,0.26018167093867167
15,1.7844611528822054,0.2625733093522126
15,1.8045112781954886,0.2649539440477596
15,1.8245614035087718,0.26732362565245127
15,1.844611528822055,0.2696824045604953
15,1.8646616541353382,0.27203033093423995
15,1.8847117794486214,0.2743674547052412
15,1.9047619047619047,0.2766938255753242
15,1.9248120300751879,0.2790094930176402
15,1.944862155388471,0.2813145062777191
15,1.9649122807017543,0.2836089143745162
15,1.9849624060150375,0.28589276610145514
15,2.0050125313283207,0.28816611002746517
15,2.025062656641604,0.29042899449801424
15,2.045112781954887,0.2926814676361369
15,2.0651629072681703,0.294923577343458
15,2.0852130325814535,0.2971553713012112
15,2.1052631578947367,0.299376896971253
15,2.12531328320802,0.30158820159707206
15,2.145363408521303,0.3037893322047938
15,2.1654135338345863,0.3059803356041808
15,2.1854636591478696,0.3081612583896279
15,2.2055137844611528,0.31033214694115313
15,2.225563909774436,0.3124930474253843
15,2.245614035087719,0.3146440057965406
15,2.2656641604010024,0.3167850677974099
15,2.2857142857142856,0.3189162789603214
15,2.305764411027569,0.3210376846081142
15,2.325814536340852,0.3231493298551009
15,2.345864661654135,0.32525125960802737
15,2.3659147869674184,0.32734351856702715
15,2.3859649122807016,0.32942615122657243
15,2.406015037593985,0.33149920187642057
15,2.426065162907268,0.3335627146025554
15,2.4461152882205512,0.3356167332881249
15,2.4661654135338344,0.33766130161437485
15,2.4862155388471177,0.3396964630615773
15,2.506265664160401,0.34172226090995533
15,2.526315789473684,0.3437387382406036
15,2.5463659147869673,0.34574593793640457
15,2.5664160401002505,0.34774390268294003
15,2.5864661654135337,0.3497326749693994
15,2.606516290726817,0.3517122970894831
15,2.6265664160401,0.35368281114230166
15,2.6466165413533833,0.35564425903327174
15,2.6666666666666665,0.35759668247500637
15,2.6867167919799497,0.359540122988203
15,2.706766917293233,0.36147462190252566
15,2.726817042606516,0.36340022035748426
15,2.7468671679197993,0.3653169593033097
15,2.7669172932330826,0.3672248795018243
15,2.7869674185463658,0.36912402152730867
15,2.807017543859649,0.3710144257673651
15,2.827067669172932,0.37289613242377556
15,2.8471177944862154,0.37476918151335775
15,2.8671679197994986,0.37663361286881497
15,2.887218045112782,0.378489466139584
15,2.907268170426065,0.38033678079267824
15,2.927318295739348,0.3821755961135265
15,2.9473684210526314,0.3840059512068089
15,2.9674185463659146,0.3858278849972884
15,2.987468671679198,0.38764143623063857
15,3.007518796992481,0.38944664347426744
15,3.0275689223057642,0.39124354511813797
15,3.0476190476190474,0.39303217937558405
15,3.0676691729323307,0.39481258428412364
15,3.087719298245614,0.3965847977062671
15,3.107769423558897,0.398348857330323
15,3.1278195488721803,0.4001048006711992
15,3.1478696741854635,0.4018526650712007
15,3.1679197994987467,0.40359248770082407
15,3.18796992481203,0.40532430555954735
15,3.208020050125313,0.4070481554766176
15,3.2280701754385963,0.40876407411183335
15,3.2481203007518795,0.41047209795632517
15,3.2681704260651627,0.4121722633333305
15,3.288220551378446,0.4138646063989673
15,3.308270676691729,0.4155491631430022
15,3.3283208020050123,0.41722596938961604
15,3.3483709273182956,0.41889506079816563
15,3.3684210526315788,0.42055647286394254
15,3.388471177944862,0.42221024091892756
15,3.408521303258145,0.4238564001325418
15,3.4285714285714284,0.42549498551239534
15,3.4486215538847116,0.4271260319050312
15,3.468671679197995,0.4287495739966664
15,3.488721804511278,0.43036564631393
15,3.508771929824561,0.43197428322459674
15,3.5288220551378444,0.4335755189383187
15,3.5488721804511276,0.4351693875073517
15,3.568922305764411,0.4367559228272807
15,3.588972431077694,0.4383351586377399
15,3.6090225563909772,0.4399071285231304
15,3.6290726817042605,0.44147186591333415
15,3.6491228070175437,0.4430294040844257
15,3.669172932330827,0.4445797761593789
15,3.68922305764411,0.4461230151087718
15,3.7092731829573933,0.4476591537514877
15,3.7293233082706765,0.4491882247554131
15,3.7493734335839597,0.4507102606381327
15,3.769423558897243,0.4522252937676202
15,3.789473684210526,0.45373335636292733
15,3.8095238095238093,0.455234480494869
15,3.8295739348370925,0.4567286980867047
15,3.8496240601503757,0.4582160409148181
15,3.869674185463659,0.4596965406093924
15,3.889724310776942,0.4611702286550833
15,3.9097744360902253,0.46263713639168796
15,3.9298245614035086,0.4640972950148123
15,3.9498746867167918,0.4655507355765339
15,3.969924812030075,0.46699748898606247
15,3.989974937343358,0.4684375860103969
15,4.010025062656641,0.46987105727498013
15,4.030075187969924,0.4712979332643501
15,4.050125313283208,0.47271824432278803
15,4.0701754385964914,0.47413202065496357
15,4.090225563909774,0.47553929232657755
15,4.110275689223057,0.4769400892650012
15,4.130325814536341,0.47833444125991265
15,4.150375939849624,0.47972237796392986
15,4.170426065162907,0.48110392889324205
15,4.19047619047619,0.482479123428237
15,4.2105263157894735,0.4838479908141262
15,4.230576441102757,0.48521056016156594
15,4.25062656641604,0.4865668604472772
15,4.270676691729323,0.4879169205146616
15,4.290726817042606,0.48926076907441507
15,4.31077694235589,0.4905984347051377
15,4.330827067669173,0.4919299458539423
15,4.3508771929824555,0.49325533083705864
15,4.370927318295739,0.4945746178404365
15,4.390977443609023,0.4958878349203443
15,4.4110275689223055,0.49719501000396593
15,4.431077694235588,0.4984961708899949
15,4.451127819548872,0.4997913452492257
15,4.471177944862156,0.5010805606251413
15,4.491228070175438,0.5023638444344999
15,4.511278195488721,0.5036412239679174
15,4.531328320802005,0.5049127263904485
15,4.551378446115288,0.5061783787421632
15,4.571428571428571,0.5074382079387229
15,4.591478696741854,0.5086922407719523
15,4.611528822055138,0.5099405039104091
15,4.631578947368421,0.511183023899952
15,4.651629072681704,0.5124198271643035
15,4.671679197994987,0.5136509400056135
15,4.69172932330827,0.5148763886050184
15,4.711779448621554,0.5160961990231965
15,4.731829573934837,0.517310397200924
15,4.75187969924812,0.5185190089596253
15,4.771929824561403,0.5197220600019237
15,4.791979949874687,0.5209195759121856
15,4.81203007518797,0.5221115821570671
15,4.832080200501252,0.5232981040860536
15,4.852130325814536,0.5244791669320008
15,4.87218045112782,0.5256547958116691
15,4.8922305764411025,0.5268250157262595
15,4.912280701754385,0.5279898515619449
15,4.932330827067669,0.5291493280903986
15,4.9523809523809526,0.5303034699693219
15,4.972431077694235,0.531452301742968
15,4.992481203007518,0.5325958478426642
15,5.012531328320802,0.5337341325873316
15,5.032581453634085,0.5348671801840021
15,5.052631578947368,0.5359950147283327
15,5.072681704260651,0.5371176602051188
15,5.0927318295739346,0.5382351404888038
15,5.112781954887218,0.539347479343987
15,5.132832080200501,0.5404547004259287
15,5.152882205513784,0.5415568272810535
15,5.172932330827067,0.5426538833474507
15,5.192982456140351,0.5437458919553735
15,5.213032581453634,0.5448328763277344
15,5.233082706766917,0.5459148595805992
15,5.2531328320802,0.546991864723679
15,5.273182957393484,0.5480639146608189
15,5.293233082706767,0.5491310321904859
15,5.313283208020049,0.5501932400062527
15,5.333333333333333,0.5512505606972812
15,5.353383458646617,0.5523030167488028
15,5.3734335839598995,0.5533506305425956
15,5.393483709273182,0.5543934243574615
15,5.413533834586466,0.5554314203697002
15,5.4335839598997495,0.5564646406535789
15,5.453634085213032,0.5574931071818043
15,5.473684210526315,0.5585168418259878
15,5.493734335839599,0.5595358663571117
15,5.513784461152882,0.5605502024459921
15,5.533834586466165,0.5615598716637392
15,5.553884711779448,0.5625648954822168
15,5.5739348370927315,0.5635652952744981
15,5.593984962406015,0.5645610923153213
15,5.614035087719298,0.5655523077815409
15,5.634085213032581,0.5665389627525786
15,5.654135338345864,0.5675210782108717
15,5.674185463659148,0.5684986750423192
15,5.694235588972431,0.5694717740367256
15,5.7142857142857135,0.5704403958882436
15,5.734335839598997,0.5714045611958141
15,5.754385964912281,0.5723642904636035
15,5.774436090225564,0.5733196041014407
15,5.794486215538846,0.5742705224252511
15,5.81453634085213,0.5752170656574875
15,5.834586466165414,0.5761592539275618
15,5.854636591478696,0.5770971072722718
15,5.874686716791979,0.5780306456362277
15,5.894736842105263,0.5789598888722767
15,5.9147869674185465,0.5798848567419242
15,5.934837092731829,0.5808055689157553
15,5.954887218045112,0.5817220449738519
15,5.974937343358396,0.5826343044062102
15,5.994987468671679,0.5835423666131542
15,6.015037593984962,0.5844462509057488
15,6.035087719298245,0.5853459765062107
15,6.0551378446115285,0.5862415625483164
15,6.075187969924812,0.58713302807781
15,6.095238095238095,0.5880203920528075
15,6.115288220551378,0.5889036733442006
15,6.135338345864661,0.5897828907360572
15,6.155388471177945,0.5906580629260219
15,6.175438596491228,0.5915292085257127
15,6.1954887218045105,0.5923963460611172
15,6.215538847117794,0.5932594939729869
15,6.235588972431078,0.5941186706172288
15,6.2556390977443606,0.5949738942652957
15,6.275689223057643,0.5958251831045757
15,6.295739348370927,0.5966725552387775
15,6.315789473684211,0.5975160286883172
15,6.335839598997493,0.5983556213906995
15,6.355889724310776,0.5991913512009014
15,6.37593984962406,0.6000232358917493
15,6.3959899749373434,0.6008512931543
15,6.416040100250626,0.6016755405982138
15,6.436090225563909,0.6024959957521315
15,6.456140350877193,0.6033126760640457
15,6.476190476190476,0.6041255989016727
15,6.496240601503759,0.6049347815528209
15,6.516290726817042,0.6057402412257594
15,6.5363408521303255,0.6065419950495837
15,6.556390977443609,0.6073400600745795
15,6.576441102756892,0.6081344532725858
15,6.596491228070175,0.6089251915373556
15,6.616541353383458,0.6097122916849154
15,6.636591478696742,0.6104957704539223
15,6.656641604010025,0.6112756445060208
15,6.6766917293233075,0.612051930426196
15,6.696741854636591,0.6128246447231276
15,6.716791979949875,0.6135938038295399
15,6.7368421052631575,0.6143594241025518
15,6.75689223057644,0.6151215218240245
15,6.776942355889724,0.6158801132009079
15,6.796992481203008,0.616635214365585
15,6.81704260651629,0.6173868413762151
15,6.837092731829573,0.6181350102170757
15,6.857142857142857,0.6188797367989015
15,6.87719298245614,0.6196210369592238
15,6.897243107769423,0.6203589264627063
15,6.917293233082706,0.6210934210014813
15,6.93734335839599,0.621824536195483
15,6.957393483709273,0.6225522875927791
15,6.977443609022556,0.6232766906699027
15,6.997493734335839,0.6239977608321803
15,7.017543859649122,0.62471551341406
15,7.037593984962406,0.6254299636794375
15,7.057644110275689,0.6261411268219804
15,7.077694235588972,0.626849017965452
15,7.097744360902255,0.627553652164032
15,7.117794486215539,0.6282550444026377
15,7.137844611528822,0.6289532095972414
15,7.157894736842104,0.6296481625951891
15,7.177944862155388,0.6303399181755149
15,7.197994987468672,0.6310284910492563
15,7.2180451127819545,0.6317138958597659
15,7.238095238095237,0.6323961471830244
15,7.258145363408521,0.6330752595279492
15,7.2781954887218046,0.6337512473367036
15,7.298245614035087,0.6344241249850036
15,7.31829573934837,0.6350939067824238
15,7.338345864661654,0.6357606069727021
15,7.358395989974937,0.6364242397340417
15,7.37844611528822,0.6370848191794135
15,7.398496240601503,0.6377423593568556
15,7.4185463659147866,0.6383968742497727
15,7.43859649122807,0.6390483777772326
15,7.458646616541353,0.6396968837942627
15,7.478696741854636,0.6403424060921453
15,7.498746867167919,0.6409849583987096
15,7.518796992481203,0.6416245543786244
15,7.538847117794486,0.6422612076336887
15,7.558897243107769,0.6428949317031204
15,7.578947368421052,0.6435257400638454
15,7.598997493734336,0.644153646130783
15,7.619047619047619,0.6447786632571313
15,7.639097744360901,0.645400804734652
15,7.659147869674185,0.6460200837939527
15,7.679197994987469,0.6466365136047676
15,7.6992481203007515,0.6472501072762384
15,7.719298245614034,0.6478608778571929
15,7.739348370927318,0.6484688383364223
15,7.7593984962406015,0.6490740016429574
15,7.779448621553884,0.6496763806463437
15,7.799498746867167,0.6502759881569151
15,7.819548872180451,0.6508728369260666
15,7.839598997493734,0.6514669396465245
15,7.859649122807017,0.6520583089526173
15,7.8796992481203,0.6526469574205442
15,7.8997493734335835,0.6532328975686424
15,7.919799498746867,0.6538161418576532
15,7.93984962406015,0.654396702690987
15,7.959899749373433,0.6549745924149876
15,7.979949874686716,0.6555498233191938
15,8.0,0.6561224076366019
22,0.0,0.0
22,0.020050125313283207,0.00632018759104981
22,0.040100250626566414,0.012601213641721138
22,0.06015037593984962,0.018843320807192008
22,0.08020050125313283,0.025046750239085216
22,0.10025062656641603,0.031211741594784816
22,0.12030075187969924,0.037338533046695065
22,0.14035087719298245,0.043427361291441285
22,0.16040100250626566,0.049478461559014454
22,0.18045112781954886,0.055492067621858814
22,0.20050125313283207,0.06146841180390341
22,0.22055137844611528,0.06740772498953697
22,0.24060150375939848,0.07331023663252821
22,0.2606516290726817,0.07917617476488996
22,0.2807017543859649,0.08500576600568892
22,0.3007518796992481,0.0907992355698008
22,0.3208020050125313,0.0965568072766103
22,0.3408521303258145,0.10227870355865908
22,0.3609022556390977,0.10796514547023826
22,0.38095238095238093,0.1136163526959284
22,0.40100250626566414,0.11923254355908691
22,0.42105263157894735,0.1248139350302824
22,0.44110275689223055,0.13036074273567688
22,0.46115288220551376,0.13587318096535606
22,0.48120300751879697,0.14135146268160811
22,0.5012531328320802,0.146795799527151
22,0.5213032581453634,0.1522064018333089
22,0.5413533834586466,0.15758347862813807
22,0.5614035087719298,0.1629272376445016
22,0.581453634085213,0.16823788532809567
22,0.6015037593984962,0.17351562684542482
22,0.6215538847117794,0.17876066609172797
22,0.6416040100250626,0.18397320569885547
22,0.6616541353383458,0.18915344704309786
22,0.681704260651629,0.19430159025296528
22,0.7017543859649122,0.19941783421691894
22,0.7218045112781954,0.2045023765910553
22,0.7418546365914787,0.2095554138067414
22,0.7619047619047619,0.21457714107820422
22,0.7819548872180451,0.2195677524100723
22,0.8020050125313283,0.22452744060487034
22,0.8220551378446115,0.22945639727046818
22,0.8421052631578947,0.23435481282748294
22,0.8621553884711779,0.23922287651663557
22,0.8822055137844611,0.24406077640606222
22,0.9022556390977443,0.24886869939857914
22,0.9223057644110275,0.2536468312389038
22,0.9423558897243107,0.25839535652083084
22,0.9624060150375939,0.2631144586943633
22,0.9824561403508771,0.2678043200727995
22,1.0025062656641603,0.2724651218397771
22,1.0225563909774436,0.2770970440562723
22,1.0426065162907268,0.28170026566755646
22,1.06265664160401,0.28627496451010864
22,1.0827067669172932,0.290821317318487
22,1.1027568922305764,0.2953394997321554
22,1.1228070175438596,0.29982968630226986
22,1.1428571428571428,0.3042920504984217
22,1.162907268170426,0.30872676471533883
22,1.1829573934837092,0.3131340002795467
22,1.2030075187969924,0.31751392745598617
22,1.2230576441102756,0.32186671545459206
22,1.2431077694235588,0.32619253243683005
22,1.263157894736842,0.3304915455221933
22,1.2832080200501252,0.33476392079465855
22,1.3032581453634084,0.3390098233091029
22,1.3233082706766917,0.34322941709768007
22,1.3433583959899749,0.3474228651761573
22,1.363408521303258,0.35159032955021363
22,1.3834586466165413,0.3557319712216984
22,1.4035087719298245,0.35984795019485105
22,1.4235588972431077,0.3639384254824831
22,1.443609022556391,0.3680035551121206
22,1.463659147869674,0.3720434961321098
22,1.4837092731829573,0.37605840461768414
22,1.5037593984962405,0.3800484356769941
22,1.5238095238095237,0.3840137434570992
22,1.543859649122807,0.3879544811499233
22,1.5639097744360901,0.39187080099817323
22,1.5839598997493733,0.3957628543012198
22,1.6040100250626566,0.3996307914209431
22,1.6240601503759398,0.4034747617875418
22,1.644110275689223,0.40729491390530603
22,1.6641604010025062,0.41109139535835393
22,1.6842105263157894,0.4148643528163339
22,1.7042606516290726,0.4186139320400908
22,1.7243107769423558,0.4223402778872972
22,1.744360902255639,0.4260435343180491
22,1.7644110275689222,0.42972384440042843
22,1.7844611528822054,0.43338135031602937
22,1.8045112781954886,0.43701619336545194
22,1.8245614035087718,0.4406285139737605
22,1.844611528822055,0.4442184516959087
22,1.8646616541353382,0.44778614522213117
22,1.8847117794486214,0.45133173238330165
22,1.9047619047619047,0.45485535015625744
22,1.9248120300751879,0.45835713466909134
22,1.944862155388471,0.461837221206411
22,1.9649122807017543,0.4652957442145651
22,1.9849624060150375,0.4687328373068373
22,2.0050125313283207,0.4721486332686085
22,2.025062656641604,0.4755432640624863
22,2.045112781954887,0.47891686083340373
22,2.0651629072681703,0.48226955391368515
22,2.0852130325814535,0.48560147282808164
22,2.1052631578947367,0.48891274629877507
22,2.12531328320802,0.4922035022503507
22,2.145363408521303,0.49547386781473984
22,2.1654135338345863,0.4987239693361307
22,2.1854636591478696,0.5019539323758498
22,2.2055137844611528,0.5051638817172128
22,2.225563909774436,0.5083539413703454
22,2.245614035087719,0.5115242345769734
22,2.2656641604010024,0.5146748838151854
22,2.2857142857142856,0.5178060108041629
22,2.305764411027569,0.520917736508884
22,2.325814536340852,0.5240101811447953
22,2.345864661654135,0.5270834641824577
22,2.3659147869674184,0.5301377043521609
22,2.3859649122807016,0.5331730196485106
22,2.406015037593985,0.5361895273349868
22,2.426065162907268,0.5391873439484745
22,2.4461152882205512,0.5421665853037652
22,2.4661654135338344,0.545127366498032
22,2.4862155388471177,0.5480698019152753
22,2.506265664160401,0.5509940052307428
22,2.526315789473684,0.55390008941532
22,2.5463659147869673,0.5567881667398951
22,2.5664160401002505,0.559658348779697
22,2.5864661654135337,0.5625107464186049
22,2.606516290726817,0.5653454698534321
22,2.6265664160401,0.568162628598184
22,2.6466165413533833,0.5709623314882883
22,2.6666666666666665,0.5737446866847997
22,2.6867167919799497,0.576509801678579
22,2.706766917293233,0.5792577832944449
22,2.726817042606516,0.5819887376953019
22,2.7468671679197993,0.5847027703862414
22,2.7669172932330826,0.5873999862186171
22,2.7869674185463658,0.5900804893940965
22,2.807017543859649,0.5927443834686865
22,2.827067669172932,0.5953917713567332
22,2.8471177944862154,0.5980227553348986
22,2.8671679197994986,0.600637437046112
22,2.887218045112782,0.6032359175034964
22,2.907268170426065,0.6058182970942706
22,2.927318295739348,0.6083846755836282
22,2.9473684210526314,0.6109351521185913
22,2.9674185463659146,0.6134698252318409
22,2.987468671679198,0.6159887928455243
22,3.007518796992481,0.6184921522750368
22,3.0275689223057642,0.6209800002327824
22,3.0476190476190474,0.6234524328319093
22,3.0676691729323307,0.6259095455900239
22,3.087719298245614,0.6283514334328798
22,3.107769423558897,0.6307781906980464
22,3.1278195488721803,0.6331899111385525
22,3.1478696741854635,0.6355866879265083
22,3.1679197994987467,0.6379686136567058
22,3.18796992481203,0.6403357803501945
22,3.208020050125313,0.6426882794578379
22,3.2280701754385963,0.6450262018638458
22,3.2481203007518795,0.6473496378892859
22,3.2681704260651627,0.6496586772955727
22,3.288220551378446,0.651953409287935
22,3.308270676691729,0.654233922518863
22,3.3283208020050123,0.6565003050915328
22,3.3483709273182956,0.6587526445632103
22,3.3684210526315788,0.660991027948633
22,3.388471177944862,0.6632155417233727
22,3.408521303258145,0.6654262718271761
22,3.4285714285714284,0.667623303667284
22,3.4486215538847116,0.6698067221217322
22,3.468671679197995,0.6719766115426294
22,3.488721804511278,0.6741330557594172
22,3.508771929824561,0.6762761380821071
22,3.5288220551378444,0.6784059413045003
22,3.5488721804511276,0.6805225477073864
22,3.568922305764411,0.6826260390617206
22,3.588972431077694,0.6847164966317847
22,3.6090225563909772,0.6867940011783255
22,3.6290726817042605,0.6888586329616746
22,3.6491228070175437,0.6909104717448499
22,3.669172932330827,0.692949596796637
22,3.68922305764411,0.6949760868946504
22,3.7092731829573933,0.6969900203283786
22,3.7293233082706765,0.6989914749022079
22,3.7493734335839597,0.7009805279384278
22,3.769423558897243,0.7029572562802188
22,3.789473684210526,0.704921736294621
22,3.8095238095238093,0.706874043875484
22,3.8295739348370925,0.7088142544463993
22,3.8496240601503757,0.7107424429636146
22,3.869674185463659,0.712658683918928
22,3.889724310776942,0.7145630513425677
22,3.9097744360902253,0.7164556188060509
22,3.9298245614035086,0.7183364594250263
22,3.9498746867167918,0.7202056458620989
22,3.969924812030075,0.7220632503296374
22,3.989974937343358,0.7239093445925632
22,4.010025062656641,0.7257439999711239
22,4.030075187969924,0.7275672873436478
22,4.050125313283208,0.7293792771492829
22,4.0701754385964914,0.7311800393907173
22,4.090225563909774,0.7329696436368842
22,4.110275689223057,0.7347481590256496
22,4.130325814536341,0.7365156542664832
22,4.150375939849624,0.7382721976431124
22,4.170426065162907,0.7400178570161612
22,4.19047619047619,0.741752699825771
22,4.2105263157894735,0.7434767930942066
22,4.230576441102757,0.7451902034284451
22,4.25062656641604,0.7468929970227494
22,4.270676691729323,0.7485852396612256
22,4.290726817042606,0.7502669967203638
22,4.31077694235589,0.7519383331715643
22,4.330827067669173,0.7535993135836478
22,4.3508771929824555,0.7552500021253495
22,4.370927318295739,0.7568904625677986
22,4.390977443609023,0.7585207582869807
22,4.4110275689223055,0.7601409522661883
22,4.431077694235588,0.7617511070984522
22,4.451127819548872,0.7633512849889609
22,4.471177944862156,0.7649415477574625
22,4.491228070175438,0.7665219568406543
22,4.511278195488721,0.7680925732945555
22,4.531328320802005,0.7696534577968662
22,4.551378446115288,0.7712046706493119
22,4.571428571428571,0.7727462717799721
22,4.591478696741854,0.7742783207455967
22,4.611528822055138,0.775800876733906
22,4.631578947368421,0.7773139985658782
22,4.651629072681704,0.7788177446980207
22,4.671679197994987,0.7803121732246295
22,4.69172932330827,0.7817973418800329
22,4.711779448621554,0.783273308040822
22,4.731829573934837,0.7847401287280678
22,4.75187969924812,0.7861978606095235
22,4.771929824561403,0.7876465600018143
22,4.791979949874687,0.7890862828726126
22,4.81203007518797,0.7905170848428006
22,4.832080200501252,0.7919390211886186
22,4.852130325814536,0.7933521468438014
22,4.87218045112782,0.7947565164016993
22,4.8922305764411025,0.7961521841173883
22,4.912280701754385,0.7975392039097656
22,4.932330827067669,0.798917629363633
22,4.9523809523809526,0.8002875137317662
22,4.972431077694235,0.8016489099369731
22,4.992481203007518,0.8030018705741384
22,5.012531328320802,0.8043464479122544
22,5.032581453634085,0.8056826938964415
22,5.052631578947368,0.8070106601499542
22,5.072681704260651,0.8083303979761759
22,5.0927318295739346,0.8096419583606008
22,5.112781954887218,0.8109453919728037
22,5.132832080200501,0.812240749168397
22,5.152882205513784,0.8135280799909771
22,5.172932330827067,0.8148074341740568
22,5.192982456140351,0.816078861142987
22,5.213032581453634,0.8173424100168662
22,5.233082706766917,0.8185981296104383
22,5.2531328320802,0.8198460684359777
22,5.273182957393484,0.8210862747051649
22,5.293233082706767,0.8223187963309472
22,5.313283208020049,0.8235436809293912
22,5.333333333333333,0.824760975821522
22,5.353383458646617,0.8259707280351509
22,5.3734335839598995,0.8271729843066927
22,5.393483709273182,0.8283677910829712
22,5.413533834586466,0.8295551945230133
22,5.4335839598997495,0.8307352404998324
22,5.453634085213032,0.831907974602201
22,5.473684210526315,0.8330734421364114
22,5.493734335839599,0.8342316881280263
22,5.513784461152882,0.8353827573236179
22,5.533834586466165,0.8365266941924974
22,5.553884711779448,0.8376635429284321
22,5.5739348370927315,0.8387933474513534
22,5.593984962406015,0.8399161514090531
22,5.614035087719298,0.8410319981788698
22,5.634085213032581,0.8421409308693648
22,5.654135338345864,0.8432429923219874
22,5.674185463659148,0.8443382251127303
22,5.694235588972431,0.8454266715537737
22,5.7142857142857135,0.8465083736951208
22,5.734335839598997,0.8475833733262219
22,5.754385964912281,0.8486517119775889
22,5.774436090225564,0.8497134309223996
22,5.794486215538846,0.8507685711780925
22,5.81453634085213,0.851817173507951
22,5.834586466165414,0.8528592784226793
22,5.854636591478696,0.8538949261819657
22,5.874686716791979,0.8549241567960393
22,5.894736842105263,0.8559470100272156
22,5.9147869674185465,0.8569635253914318
22,5.934837092731829,0.8579737421597745
22,5.954887218045112,0.8589776993599962
22,5.974937343358396,0.8599754357780228
22,5.994987468671679,0.8609669899594532
22,6.015037593984962,0.8619524002110469
22,6.035087719298245,0.862931704602205
22,6.0551378446115285,0.8639049409664409
22,6.075187969924812,0.864872146902841
22,6.095238095238095,0.8658333597775183
22,6.115288220551378,0.8667886167250555
22,6.135338345864661,0.8677379546499397
22,6.155388471177945,0.8686814102279881
22,6.175438596491228,0.8696190199077648
22,6.1954887218045105,0.870550819911989
22,6.215538847117794,0.871476846238935
22,6.235588972431078,0.8723971346638215
22,6.2556390977443606,0.8733117207401951
22,6.275689223057643,0.8742206398013033
22,6.295739348370927,0.8751239269614592
22,6.315789473684211,0.8760216171173986
22,6.335839598997493,0.876913744949628
22,6.355889724310776,0.8778003449237645
22,6.37593984962406,0.8786814512918668
22,6.3959899749373434,0.8795570980937594
22,6.416040100250626,0.8804273191583464
22,6.436090225563909,0.88129214810492
22,6.456140350877193,0.8821516183444575
22,6.476190476190476,0.8830057630809142
22,6.496240601503759,0.8838546153125036
22,6.516290726817042,0.8846982078329749
22,6.5363408521303255,0.8855365732328777
22,6.556390977443609,0.8863697439008225
22,6.576441102756892,0.8871977520247311
22,6.596491228070175,0.8880206295930808
22,6.616541353383458,0.88883840839614
22,6.636591478696742,0.889651120027196
22,6.656641604010025,0.8904587958837757
22,6.6766917293233075,0.8912614671688591
22,6.696741854636591,0.8920591648920839
22,6.716791979949875,0.8928519198709444
22,6.7368421052631575,0.8936397627319811
22,6.75689223057644,0.8944227239119649
22,6.776942355889724,0.8952008336590721
22,6.796992481203008,0.8959741220340538
22,6.81704260651629,0.8967426189113964
22,6.837092731829573,0.8975063539804763
22,6.857142857142857,0.8982653567467067
22,6.87719298245614,0.8990196565326777
22,6.897243107769423,0.8997692824792886
22,6.917293233082706,0.9005142635468742
22,6.93734335839599,0.9012546285163238
22,6.957393483709273,0.9019904059901922
22,6.977443609022556,0.9027216243938054
22,6.997493734335839,0.9034483119763591
22,7.017543859649122,0.9041704968120091
22,7.037593984962406,0.9048882068009564
22,7.057644110275689,0.9056014696705251
22,7.077694235588972,0.9063103129762335
22,7.097744360902255,0.9070147641028591
22,7.117794486215539,0.9077148502654953
22,7.137844611528822,0.9084105985106042
22,7.157894736842104,0.9091020357170612
22,7.177944862155388,0.9097891885971922
22,7.197994987468672,0.9104720836978074
22,7.2180451127819545,0.9111507474012257
22,7.238095238095237,0.9118252059262941
22,7.258145363408521,0.9124954853294011
22,7.2781954887218046,0.9131616115054824
22,7.298245614035087,0.9138236101890224
22,7.31829573934837,0.9144815069550477
22,7.338345864661654,0.9151353272201154
22,7.358395989974937,0.9157850962432946
22,7.37844611528822,0.9164308391271432
22,7.398496240601503,0.9170725808186767
22,7.4185463659147866,0.9177103461103322
22,7.43859649122807,0.9183441596409264
22,7.458646616541353,0.918974045896608
22,7.478696741854636,0.9196000292118023
22,7.498746867167919,0.9202221337701527
22,7.518796992481203,0.9208403836054541
22,7.538847117794486,0.9214548026025815
22,7.558897243107769,0.9220654144984135
22,7.578947368421052,0.9226722428827487
22,7.598997493734336,0.9232753111992166
22,7.619047619047619,0.9238746427461839
22,7.639097744360901,0.9244702606776554
22,7.659147869674185,0.9250621880041664
22,7.679197994987469,0.9256504475936738
22,7.6992481203007515,0.9262350621724381
22,7.719298245614034,0.9268160543259021
22,7.739348370927318,0.9273934464995632
22,7.7593984962406015,0.9279672609998412
22,7.779448621553884,0.9285375199949384
22,7.799498746867167,0.9291042455156978
22,7.819548872180451,0.9296674594564535
22,7.839598997493734,0.9302271835758763
22,7.859649122807017,0.930783439497815
22,7.8796992481203,0.9313362487121306
22,7.8997493734335835,0.9318856325755283
22,7.919799498746867,0.9324316123123806
22,7.93984962406015,0.9329742090155487
22,7.959899749373433,0.933513443647197
22,7.979949874686716,0.9340493370396025
22,8.0,0.9345819098959601
32,0.0,0.0
32,0.020050125313283207,0.012120891889315831
32,0.040100250626566414,0.02413532289443425
32,0.06015037593984962,0.03604422808844784
32,0.08020050125313283,0.04784853433146383
32,0.10025062656641603,0.05954916034274058
32,0.12030075187969924,0.07114701677219129
32,0.14035087719298245,0.08264300627125859
32,0.16040100250626566,0.09403802356316728
32,0.18045112781954886,0.1053329555125598
32,0.20050125313283207,0.1165286811945208
32,0.22055137844611528,0.12762607196299366
32,0.24060150375939848,0.1386259915185982
32,0.2606516290726817,0.14952929597585163
32,0.2807017543859649,0.1603368339297988
32,0.3007518796992481,0.171049446522058
32,0.3208020050125313,0.18166796750628608
32,0.3408521303258145,0.19219322331306896
32,0.3609022556390977,0.20262603311424218
32,0.38095238095238093,0.21296720888664603
32,0.40100250626566414,0.223217555475321
32,0.42105263157894735,0.23337787065614857
32,0.44110275689223055,0.24344894519794144
32,0.46115288220551376,0.25343156292398755
32,0.48120300751879697,0.2633265007730555
32,0.5012531328320802,0.27313452885986267
32,0.5213032581453634,0.28285641053501215
32,0.5413533834586466,0.2924929024444042
32,0.5614035087719298,0.3020447545881253
32,0.581453634085213,0.3115127103788196
32,0.6015037593984962,0.32089750669954903
32,0.6215538847117794,0.330199873961143
32,0.6416040100250626,0.33942053615904666
32,0.6616541353383458,0.3485602109296688
32,0.681704260651629,0.3576196096062341
32,0.7017543859649122,0.3665994372741468
32,0.7218045112781954,0.3755003928258655
32,0.7418546365914787,0.3843231690152988
32,0.7619047619047619,0.3930684525117208
32,0.7819548872180451,0.4017369239532139
32,0.8020050125313283,0.41032925799964337
32,0.8220551378446115,0.41884612338516436
32,0.8421052631578947,0.4272881829702696
32,0.8621553884711779,0.43565609379337905
32,0.8822055137844611,0.4439505071219768
32,0.9022556390977443,0.4521720685032981
32,0.9223057644110275,0.46032141781457286
32,0.9423558897243107,0.4683991893128256
32,0.9624060150375939,0.47640601168424
32,0.9824561403508771,0.4843425080930886
32,1.0025062656641603,0.49220929623023324
32,1.0225563909774436,0.5000069883611992
32,1.0426065162907268,0.5077361913738276
32,1.06265664160401,0.5153975068255094
32,1.0827067669172932,0.5229915309900028
32,1.1027568922305764,0.5305188549038422
32,1.1228070175438596,0.5379800644123369
32,1.1428571428571428,0.5453757402151679
32,1.162907268170426,0.5527064579115825
32,1.1829573934837092,0.5599727880451933
32,1.2030075187969924,0.5671752961483826
32,1.2230576441102756,0.574314542786318
32,1.2431077694235588,0.5813910836005796
32,1.263157894736842,0.5884054693524065
32,1.2832080200501252,0.595358245965561
32,1.3032581453634084,0.6022499545688179
32,1.3233082706766917,0.6090811315380802
32,1.3433583959899749,0.6158523085381242
32,1.363408521303258,0.6225640125639791
32,1.3834586466165413,0.6292167659819422
32,1.4035087719298245,0.6358110865702347
32,1.4235588972431077,0.6423474875592997
32,1.443609022556391,0.6488264776717461
32,1.463659147869674,0.6552485611619424
32,1.4837092731829573,0.6616142378552629
32,1.5037593984962405,0.6679240031869876
32,1.5238095238095237,0.6741783482408625
32,1.543859649122807,0.6803777597873196
32,1.5639097744360901,0.6865227203213623
32,1.5839598997493733,0.6926137081001171
32,1.6040100250626566,0.6986511971800564
32,1.6240601503759398,0.7046356574538936
32,1.644110275689223,0.7105675546871547
32,1.6641604010025062,0.7164473505544281
32,1.6842105263157894,0.7222755026752968
32,1.7042606516290726,0.7280524646499544
32,1.7243107769423558,0.7337786860945078
32,1.744360902255639,0.7394546126759717
32,1.7644110275689222,0.7450806861469533
32,1.7844611528822054,0.750657344380034
32,1.8045112781954886,0.7561850214018488
32,1.8245614035087718,0.7616641474268663
32,1.844611528822055,0.7670951488908714
32,1.8646616541353382,0.7724784484841547
32,1.8847117794486214,0.7778144651844104
32,1.9047619047619047,0.7831036142893449
32,1.9248120300751879,0.7883463074489987
32,1.944862155388471,0.7935429526977851
32,1.9649122807017543,0.7986939544862471
32,1.9849624060150375,0.8037997137125354
32,2.0050125313283207,0.8088606277536101
32,2.025062656641604,0.8138770904961685
32,2.045112781954887,0.8188494923672994
32,2.0651629072681703,0.8237782203648725
32,2.0852130325814535,0.8286636580876552
32,2.1052631578947367,0.8335061857651701
32,2.12531328320802,0.8383061802872861
32,2.145363408521303,0.843064015233553
32,2.1654135338345863,0.847780060902276
32,2.1854636591478696,0.8524546843393351
32,2.2055137844611528,0.857088249366754
32,2.225563909774436,0.8616811166110137
32,2.245614035087719,0.8662336435311215
32,2.2656641604010024,0.8707461844464309
32,2.2857142857142856,0.8752190905642182
32,2.305764411027569,0.8796527100070165
32,2.325814536340852,0.8840473878397102
32,2.345864661654135,0.8884034660963903
32,2.3659147869674184,0.8927212838069757
32,2.3859649122807016,0.897001177023599
32,2.406015037593985,0.9012434788467613
32,2.426065162907268,0.9054485194512565
32,2.4461152882205512,0.9096166261118698
32,2.4661654135338344,0.9137481232288476
32,2.4862155388471177,0.9178433323531474
32,2.506265664160401,0.9219025722114619
32,2.526315789473684,0.9259261587310261
32,2.5463659147869673,0.9299144050642055
32,2.5664160401002505,0.9338676216128687
32,2.5864661654135337,0.9377861160525455
32,2.606516290726817,0.9416701933563726
32,2.6265664160401,0.9455201558188306
32,2.6466165413533833,0.9493363030792703
32,2.6666666666666665,0.9531189321452336
32,2.6867167919799497,0.9568683374155693
32,2.706766917293233,0.9605848107033464
32,2.726817042606516,0.964268641258565
32,2.7468671679197993,0.967920115790669
32,2.7669172932330826,0.9715395184908595
32,2.7869674185463658,0.9751271310542147
32,2.807017543859649,0.9786832327016125
32,2.827067669172932,0.9822081002014629
32,2.8471177944862154,0.9857020078912482
32,2.8671679197994986,0.9891652276988746
32,2.887218045112782,0.9925980291638364
32,2.907268170426065,0.9960006794581937
32,2.927318295739348,0.999373443407366
32,2.9473684210526314,1.0027165835107443
32,2.9674185463659146,1.0060303599621196
32,2.987468671679198,1.0093150306699352
32,3.007518796992481,1.0125708512773586
32,3.0275689223057642,1.0157980751821778
32,3.0476190476190474,1.0189969535565238
32,3.0676691729323307,1.0221677353664187
32,3.087719298245614,1.0253106673911525
32,3.107769423558897,1.02842599424249
32,3.1278195488721803,1.0315139583837076
32,3.1478696741854635,1.034574800148466
32,3.1679197994987467,1.0376087577595139
32,3.18796992481203,1.040616067347228
32,3.208020050125313,1.0435969629679924
32,3.2280701754385963,1.0465516766224146
32,3.2481203007518795,1.0494804382733807
32,3.2681704260651627,1.052383475863955
32,3.288220551378446,1.0552610153351192
32,3.308270676691729,1.0581132806433575
32,3.3283208020050123,1.0609404937780884
32,3.3483709273182956,1.0637428747789393
32,3.3684210526315788,1.0665206417528743
32,3.388471177944862,1.0692740108911682
32,3.408521303258145,1.0720031964862324
32,3.4285714285714284,1.0747084109482943
32,3.4486215538847116,1.0773898648219271
32,3.468671679197995,1.0800477668024375
32,3.488721804511278,1.082682323752109
32,3.508771929824561,1.0852937407163
32,3.5288220551378444,1.0878822209394032
32,3.5488721804511276,1.0904479658806643
32,3.568922305764411,1.0929911752298613
32,3.588972431077694,1.0955120469228457
32,3.6090225563909772,1.0980107771569478
32,3.6290726817042605,1.1004875604062472
32,3.6491228070175437,1.102942589436707
32,3.669172932330827,1.1053760553211793
32,3.68922305764411,1.107788147454273
32,3.7092731829573933,1.110179053567097
32,3.7293233082706765,1.1125489597418696
32,3.7493734335839597,1.1148980504264012
32,3.769423558897243,1.117226508448451
32,3.789473684210526,1.119534515029954
32,3.8095238095238093,1.121822249801128
32,3.8295739348370925,1.1240898908144523
32,3.8496240601503757,1.1263376145585255
32,3.869674185463659,1.1285655959718024
32,3.889724310776942,1.1307740084562083
32,3.9097744360902253,1.1329630238906359
32,3.9298245614035086,1.1351328126443208
32,3.9498746867167918,1.1372835435901025
32,3.969924812030075,1.139415384117568
32,3.989974937343358,1.1415285001460778
32,4.010025062656641,1.143623056137681
32,4.030075187969924,1.1456992151099143
32,4.050125313283208,1.1477571386484902
32,4.0701754385964914,1.149796986919872
32,4.090225563909774,1.1518189186837409
32,4.110275689223057,1.1538230913053507
32,4.130325814536341,1.1558096607677764
32,4.150375939849624,1.157778781684054
32,4.170426065162907,1.159730607309213
32,4.19047619047619,1.161665289552206
32,4.2105263157894735,1.1635829789877297
32,4.230576441102757,1.1654838248679453
32,4.25062656641604,1.167367975134094
32,4.270676691729323,1.1692355764280113
32,4.290726817042606,1.1710867741035402
32,4.31077694235589,1.1729217122378444
32,4.330827067669173,1.1747405336426193
32,4.3508771929824555,1.176543379875211
32,4.370927318295739,1.17833039124963
32,4.390977443609023,1.1801017068474733
32,4.4110275689223055,1.1818574645287492
32,4.431077694235588,1.1835978009426054
32,4.451127819548872,1.1853228515379668
32,4.471177944862156,1.1870327505740745
32,4.491228070175438,1.1887276311309372
32,4.511278195488721,1.1904076251196871
32,4.531328320802005,1.1920728632928488
32,4.551378446115288,1.1937234752545127
32,4.571428571428571,1.1953595894704239
32,4.591478696741854,1.1969813332779804
32,4.611528822055138,1.1985888328961427
32,4.631578947368421,1.200182213435259
32,4.651629072681704,1.2017615989068007
32,4.671679197994987,1.2033271122330145
32,4.69172932330827,1.2048788752564905
32,4.711779448621554,1.206417008749644
32,4.731829573934837,1.2079416324241146
32,4.75187969924812,1.209452864940085
32,4.771929824561403,1.2109508239155153
32,4.791979949874687,1.2124356259352966
32,4.81203007518797,1.213907386560325
32,4.832080200501252,1.215366220336496
32,4.852130325814536,1.2168122408036197
32,4.87218045112782,1.2182455605042568
32,4.8922305764411025,1.2196662909924778
32,4.912280701754385,1.2210745428425454
32,4.932330827067669,1.2224704256575203
32,4.9523809523809526,1.2238540480777922
32,4.972431077694235,1.225225517789534
32,4.992481203007518,1.226584941533083
32,5.012531328320802,1.2279324251112502
32,5.032581453634085,1.2292680733975523
32,5.052631578947368,1.2305919903443758
32,5.072681704260651,1.231904278991067
32,5.0927318295739346,1.2332050414719506
32,5.112781954887218,1.2344943790242804
32,5.132832080200501,1.235772391996117
32,5.152882205513784,1.2370391798541385
32,5.172932330827067,1.238294841191382
32,5.192982456140351,1.2395394737349164
32,5.213032581453634,1.2407731743534494
32,5.233082706766917,1.2419960390648657
32,5.2531328320802,1.2432081630437004
32,5.273182957393484,1.2444096406285472
32,5.293233082706767,1.2456005653293984
32,5.313283208020049,1.2467810298349256
32,5.333333333333333,1.2479511260196916
32,5.353383458646617,1.2491109449513011
32,5.3734335839598995,1.2502605768974895
32,5.393483709273182,1.2514001113331472
32,5.413533834586466,1.2525296369472843
32,5.4335839598997495,1.2536492416499319
32,5.453634085213032,1.2547590125789856
32,5.473684210526315,1.2558590361069866
32,5.493734335839599,1.2569493978478437
32,5.513784461152882,1.258030182663497
32,5.533834586466165,1.2591014746705225
32,5.553884711779448,1.2601633572466793
32,5.5739348370927315,1.2612159130373977
32,5.593984962406015,1.2622592239622128
32,5.614035087719298,1.263293371221139
32,5.634085213032581,1.2643184353009904
32,5.654135338345864,1.2653344959816453
32,5.674185463659148,1.2663416323422543
32,5.694235588972431,1.267339922767396
32,5.7142857142857135,1.2683294449531775
32,5.734335839598997,1.2693102759132806
32,5.754385964912281,1.270282491984957
32,5.774436090225564,1.2712461688349683
32,5.794486215538846,1.2722013814654758
32,5.81453634085213,1.2731482042198774
32,5.834586466165414,1.274086710788595
32,5.854636591478696,1.2750169742148074
32,5.874686716791979,1.2759390669001376
32,5.894736842105263,1.276853060610286
32,5.9147869674185465,1.277759026480617
32,5.934837092731829,1.2786570350216941
32,5.954887218045112,1.2795471561247702
32,5.974937343358396,1.2804294590672238
32,5.994987468671679,1.2813040125179536
32,6.015037593984962,1.2821708845427209
32,6.035087719298245,1.2830301426094493
32,6.0551378446115285,1.2838818535934733
32,6.075187969924812,1.2847260837827452
32,6.095238095238095,1.2855628988829924
32,6.115288220551378,1.2863923640228325
32,6.135338345864661,1.2872145437588425
32,6.155388471177945,1.2880295020805816
32,6.175438596491228,1.2888373024155728
32,6.1954887218045105,1.2896380076342389
32,6.215538847117794,1.290431680054796
32,6.235588972431078,1.2912183814481026
32,6.2556390977443606,1.2919981730424694
32,6.275689223057643,1.2927711155284218
32,6.295739348370927,1.293537269063426
32,6.315789473684211,1.294296693276569
32,6.335839598997493,1.2950494472732004
32,6.355889724310776,1.2957955896395332
32,6.37593984962406,1.296535178447202
32,6.3959899749373434,1.2972682712577834
32,6.416040100250626,1.2979949251272767
32,6.436090225563909,1.2987151966105428
32,6.456140350877193,1.2994291417657082
32,6.476190476190476,1.300136816158525
32,6.496240601503759,1.3008382748666982
32,6.516290726817042,1.301533572484171
32,6.5363408521303255,1.302222763125374
32,6.556390977443609,1.302905900429437
32,6.576441102756892,1.3035830375643638
32,6.596491228070175,1.30425422723117
32,6.616541353383458,1.304919521667984
32,6.636591478696742,1.305578972654115
32,6.656641604010025,1.3062326315140795
32,6.6766917293233075,1.3068805491215993
32,6.696741854636591,1.3075227759035581
32,6.716791979949875,1.3081593618439282
32,6.7368421052631575,1.3087903564876595
32,6.75689223057644,1.309415808944536
32,6.776942355889724,1.3100357678929986
32,6.796992481203008,1.3106502815839318
32,6.81704260651629,1.3112593978444216
32,6.837092731829573,1.3118631640814753
32,6.857142857142857,1.3124616272857133
32,6.87719298245614,1.313054834035025
32,6.897243107769423,1.3136428304981944
32,6.917293233082706,1.3142256624384934
32,6.93734335839599,1.3148033752172428
32,6.957393483709273,1.3153760137973445
32,6.977443609022556,1.3159436227467785
32,6.997493734335839,1.3165062462420736
32,7.017543859649122,1.317063928071745
32,7.037593984962406,1.3176167116397022
32,7.057644110275689,1.3181646399686262
32,7.077694235588972,1.3187077557033198
32,7.097744360902255,1.3192461011140253
32,7.117794486215539,1.3197797180997148
32,7.137844611528822,1.3203086481913506
32,7.157894736842104,1.3208329325551185
32,7.177944862155388,1.3213526119956311
32,7.197994987468672,1.3218677269591033
32,7.2180451127819545,1.322378317536501
32,7.238095238095237,1.3228844234666608
32,7.258145363408521,1.323386084139383
32,7.2781954887218046,1.323883338598497
32,7.298245614035087,1.3243762255449005
32,7.31829573934837,1.3248647833395715
32,7.338345864661654,1.3253490500065535
32,7.358395989974937,1.325829063235915
32,7.37844611528822,1.3263048603866836
32,7.398496240601503,1.3267764784897522
32,7.4185463659147866,1.3272439542507626
32,7.43859649122807,1.3277073240529613
32,7.458646616541353,1.3281666239600316
32,7.478696741854636,1.3286218897189004
32,7.498746867167919,1.3290731567625196
32,7.518796992481203,1.3295204602126252
32,7.538847117794486,1.3299638348824696
32,7.558897243107769,1.3304033152795316
32,7.578947368421052,1.330838935608202
32,7.598997493734336,1.331270729772446
32,7.619047619047619,1.3316987313784412
32,7.639097744360901,1.3321229737371938
32,7.659147869674185,1.3325434898671311
32,7.679197994987469,1.3329603124966707
32,7.6992481203007515,1.3333734740667686
32,7.719298245614034,1.3337830067334433
32,7.739348370927318,1.334188942370279
32,7.7593984962406015,1.334591312570906
32,7.779448621553884,1.3349901486514593
32,7.799498746867167,1.335385481653017
32,7.819548872180451,1.3357773423440156
32,7.839598997493734,1.3361657612226432
32,7.859649122807017,1.3365507685192164
32,7.8796992481203,1.3369323941985298
32,7.8997493734335835,1.3373106679621902
32,7.919799498746867,1.3376856192509272
32,7.93984962406015,1.338057277246886
32,7.959899749373433,1.3384256708758961
32,7.979949874686716,1.338790828809725
32,8.0,1.339152779468309
