item,value
Spatial discretization,"1D conforming FEM, quadratic elements p=2"
Mesh resolution,>=40 elements per layer; >=120 within membrane-skin stack
Time horizon,Tf=24 h per simulated day; acute window aggregated over 14 days
Time step,dt=1 s thermal; dt=5 s drug; substepping allowed
Nonlinear solver,Newton method with line search; maximum 25 iterations
Linear solver,GMRES with ILU preconditioner
Tolerances,relative 1e-8; absolute 1e-10
Optimization method,projected L-BFGS or SQP
Maximum optimization iterations,300
Stopping criteria,||grad J||<=1e-5 or DeltaJ/J<=1e-6
