medium,z0,L_cool_mm,L_gel_mm,L_res_mm,L_mem_mm,C0,p,tau_on,t_wear,nfev,R_B,S_rank,z,J,B,cT,cC,cp,cu,cL,S_T,S_C,dT_peak,M14,M_day,Ts_min,Tmu_min,Cabs_mean_wear,duty,newton_fail,mass_left,hard_constraint,margin
Ice,"[1.0, 0.0, 0.6, 0.0, 0.3333333333333333, 0.0, 0.25, 0.5]",7.997749212503688,0.5009995102439498,1.1182605213637933,0.05009995102439499,17.55291207464765,10.011989430585272,15.005398581446899,7.000000040510332,583,89.59785875624956,0.7661260256313673,"[0.9996248687506147, 0.00039980409757993444, 0.24730420854551732, 0.00039980409757993444, 0.8368608049765102, 0.000399647686175766, 0.25026992907234497, 2.0255165775395594e-08]",0.05265287573116716,0.13942338620832675,0.027077315735871788,0.03812891754029606,0.011694658842796855,0.06252249408936206,0.40646611416053907,69.33701657458562,86.92722834755311,0.0,0.6273193076730379,0.04480852197664557,10.001066868100148,33.181528100166744,0.0051320934139811305,0.06252249408936206,0,0.019182229683295245,True,0.0
Ice,"[1.0, 0.2, 0.2, 0.0, 0.3333333333333333, 0.0, 0.25, 0.5]",7.997767237856221,0.6297233313746049,1.0016686681187872,0.05009995102439498,18.26941307797137,10.015576365236031,15.00410169173125,7.000000089276248,582,89.6071004700563,0.7630068617489668,"[0.9996278729760366, 0.05188933254984197, 0.20066746724751489, 0.00039980409757991287, 0.8846275385314246, 0.000519212174534372, 0.2502050845865625, 4.463812382385757e-08]",0.052661808120871276,0.13929951642006674,0.027165277145211927,0.03791410891846492,0.011703039974176342,0.06251709038221355,0.4073131332354465,69.06077348066304,87.00087710802816,0.0,0.6333333210065882,0.045238094357613445,10.001444099067589,33.180992186286105,0.005187547279743597,0.06251709038221355,0,0.017849103349323762,True,0.0
Ice,"[1.0, 0.6, 0.0, 0.0, 0.3333333333333333, 0.0, 0.25, 0.5]",7.997829874436515,1.17931540994709,0.5015823082820354,0.050099991074664604,19.99566040466352,10.01200140546873,15.006376212127194,7.0003992296445565,562,89.58829524162319,0.8019290395016772,"[0.9996383124060858, 0.2717261639788359, 0.0006329233128141751, 0.00039996429865840405, 0.9997106936442347, 0.00040004684895768815, 0.25031881060635963, 0.00019961482227804457]",0.052951294015521476,0.13955156920084982,0.02761155853560106,0.037718089383884656,0.011695353730834164,0.06252656755052996,0.41077785687571294,68.50828729281773,87.0688211412309,0.0,0.5315386569813967,0.03796704692724262,10.000000305445297,33.177865938631726,0.004388742945872688,0.06252656755052996,0,0.009651041234426673,True,0.0
Ice,"[1.0, 0.2, 0.2, 0.0, 0.3333333333333333, 0.3333333333333333, 0.25, 0.5]",7.997761384482623,0.6302827252719946,1.0000917898455832,0.050099951027866726,18.27944079868549,10.00000243618941,13.7721503346256,7.000799573489876,458,84.8333683053866,0.7386224399571716,"[0.9996268974137705, 0.052113090108797826, 0.20003671593823336, 0.0003998041114668732, 0.8852960532456993, 8.120631370203339e-08, 0.18860751673127996, 0.00039978674493786]",0.07684357621090526,0.20328344892574196,0.08555991704982847,0.038439486629278374,0.011668004974241747,0.06761604027239336,0.4072417587353897,65.69552969130913,86.82225266673656,0.0,0.6217386525786828,0.0444099037556202,10.000002443732159,33.134144253012394,0.005081271158735019,0.06761604027239336,0,0.017838599642466514,True,0.0
Ice,"[1.0, 0.2, 0.2, 0.20000000000000004, 0.3333333333333333, 0.0, 0.25, 0.5]",7.996376169619686,0.5009995028672972,0.9954679259518424,0.09992668625641427,19.61174430821391,10.011994122749497,13.660151996078989,7.958462453123622,126,84.0673861407481,0.7116919515886778,"[0.9993960282699478, 0.00039980114691887114, 0.19818717038073702, 0.19970674502565705, 0.9741162872142608, 0.0003998040916498869, 0.18300759980394943, 0.47923122656181116]",0.07966140867880384,0.21355016465929483,0.08901289872040438,0.043158624493888624,0.013295941428664299,0.06808270001633755,0.40130288415214843,66.26848219509867,86.98483540062713,0.0,0.6885952344716683,0.049185373890833446,10.000000348635721,33.11120253146341,0.005007076112103299,0.06808270001633755,0,0.01903255282715092,True,0.0
Ice,"[1.0, 0.0, 0.2, 0.20000000000000004, 0.3333333333333333, 0.0, 0.25, 0.5]",7.996094967023155,0.5009995102291247,0.9954679259518424,0.09992668625641427,19.61172858746793,10.011994122749497,13.659149514221827,7.945519971949688,124,84.06504491266709,0.7123907417589878,"[0.9993491611705256, 0.0003998040916498869, 0.19818717038073702, 0.19970674502565705, 0.9741152391645287, 0.0003998040916498869, 0.1829574757110914, 0.47275998597484403]",0.07967811969728975,0.21358154492411663,0.089058891096379,0.043161457952555,0.013274318851106914,0.06808687702407572,0.4012834163136003,66.25955377509425,86.96277909415242,0.0,0.6865842273265854,0.04904173052332753,10.000000241909483,33.1111672505114,0.004999197114034193,0.06808687702407572,0,0.01903397399441494,True,0.0
PCM-A,"[1.0, 0.0, 0.2, 0.0, 0.3333333333333333, 0.0, 0.25, 0.5]",7.99760117541223,0.5009995102449043,0.5000079206085309,0.05009995102449043,19.9940029494452,10.011994122938852,15.00281875756062,7.000799607104511,581,80.36831593007385,0.4477032549198825,"[0.9996001959020383, 0.0003998040979617156, 3.1682434123709855e-06, 0.0003998040979617156, 0.99960019662968, 0.0003998040979617156, 0.250140937878031, 0.0003998035522554581]",0.10063650310158763,0.26313004273565754,0.15824079226409973,0.03068150003402965,0.011696005614358913,0.06251174482316928,0.3645195759322067,0.0,89.48183004596436,3.1031288355498603,0.5999219106556796,0.04285156504683425,18.101781001745138,34.37565043218751,0.005015850012406899,0.06251174482316928,0,0.00956990308094195,True,0.0
PCM-A,"[1.0, 0.2, 0.0, 0.0, 0.3333333333333333, 0.0, 0.25, 0.5]",7.9975997361957045,0.5006004144884771,0.5013898246268055,0.05010001099184566,19.999999024115798,10.01200131902148,15.002800686675695,7.000200119572118,281,80.36614719442154,0.44729974803166983,"[0.9995999560326174, 0.00024016579539082146, 0.0005559298507222108, 0.0004000439673826391, 0.9999999349410532, 0.0004000439673826391, 0.25014003433378473, 0.00010005978605902532]",0.10065188751480683,0.2631591110266327,0.15827346142943235,0.03067895918764127,0.011695020881743779,0.06251166952781537,0.3645843375239664,0.0,89.48180040675186,3.104442156424298,0.600845813101438,0.042917558078674145,18.10309703196674,34.37580733163578,0.005023810300811932,0.06251166952781537,0,0.00959988183123674,True,0.0
PCM-A,"[1.0, 0.0, 0.0, 0.20000000000000004, 0.3333333333333333, 0.0, 0.25, 0.5]",7.9975997361957045,0.5010001099184567,0.5013901461053228,0.05006004144884771,19.999999024115798,10.01200131902148,15.002799600028371,7.000200119572118,281,80.3655369033794,0.44726509121866187,"[0.9995999560326174, 0.0004000439673826391, 0.0005560584421291131, 0.00024016579539082143, 0.9999999349410532, 0.0004000439673826391, 0.2501399800014185, 0.00010005978605902532]",0.10065666446667224,0.26316729096205915,0.15828559289477567,0.03067501218542148,0.011695020881743779,0.06251166500011823,0.36460809742474687,0.0,89.48315362596927,3.1048299096068703,0.6009178765723407,0.04292270546945291,18.103485934836165,34.37585054778524,0.005024454734912961,0.06251166500011823,0,0.009599836845279841,True,0.0
PCM-A,"[1.0, 0.0, 0.0, 0.0, 0.3333333333333333, 0.3333333333333333, 0.25, 0.5]",7.9975997361957045,0.5010001099184567,0.5013894369705779,0.05010001099184566,19.999999024115798,10.004005812430773,15.00279878158413,7.000200119572118,281,80.36640250609895,0.44729773343103096,"[0.9995999560326174, 0.0004000439673826391, 0.0005557747882311371, 0.0004000439673826391, 0.9999999349410532, 0.00013352708102577445, 0.2501399390792065, 0.00010005978605902532]",0.10065741863286805,0.26315568899863223,0.15828845339504574,0.030679224779331053,0.011676349234321554,0.06251166158993385,0.3646106883068048,0.0,89.48170934934713,3.105079206975276,0.6008205481221282,0.04291575343729487,18.10373579242129,34.37588347808514,0.005023600612925945,0.06251166158993385,0,0.009599892070471816,True,0.0
PCM-A,"[1.0, 0.0, 0.0, 0.0, 0.3333333333333333, 0.0, 0.25, 0.5]",7.997600215533482,0.5009999101943825,0.501389512449738,0.05009999101943825,19.999999024477866,10.011998922332591,15.002798710979718,7.000399781736845,280,80.36512839068617,0.4472776626481585,"[0.999600035922247, 0.00039996407775301355, 0.0005558049798952146, 0.00039996407775301355, 0.999999934965191, 0.00039996407775301355, 0.25013993554898595, 0.00019989086842242825]",0.10065858113242697,0.26317276639463244,0.15828690948314647,0.03067884676380765,0.011695348851929424,0.06251166129574884,0.36461071042219234,0.0,89.48213894508886,3.104931169787463,0.600870200396901,0.04291930002835007,18.10358780296209,34.37586423002318,0.005023891014244859,0.06251166129574884,0,0.00959985813587566,True,0.0
PCM-A,"[1.0, 0.0, 0.0, 0.20000000000000004, 0.3333333333333333, 0.3333333333333333, 0.25, 0.5]",7.99760117541452,0.5009995102439498,0.5013866472924727,0.050099951024394976,19.994002938536305,10.011994122927396,15.002797760105892,7.00079960819516,248,80.36498236172055,0.44733095921847776,"[0.9996001959024201, 0.0003998040975799396, 0.0005546589169890905, 0.00039980409757989606, 0.9996001959024202, 0.00039980409757986674, 0.25013988800529463, 0.00039980409757983004]",0.1006590426165486,0.2631747236698121,0.1582867423550549,0.030680318364828346,0.01169600561615426,0.06251165733377452,0.36461055565550904,0.0,89.48223514505497,3.104926911161197,0.6007366156487127,0.042909758260622335,18.10358423268861,34.3758643850118,0.005022526684992738,0.06251165733377452,0,0.009596889444860802,True,0.0
PCM-B,"[1.0, 0.0, 0.2, 0.0, 0.3333333333333333, 0.0, 0.25, 0.5]",7.997601175418176,0.5009995102424268,0.500003103427208,0.05009995102424269,19.994002921096012,10.011994122909122,15.007020921672163,7.000799609938803,580,79.70935467539896,0.4729731653069187,"[0.9996001959030293, 0.0003998040969707535, 1.2413708831976048e-06, 0.0003998040969707535, 0.9996001947397343, 0.0003998040969707535, 0.25035104608360814, 0.00039980496940141116]",0.10416379853288593,0.2719623213362503,0.16704465334217486,0.030692408534750183,0.011696005619024612,0.06252925384030068,0.3645192580750876,0.0,89.47809042001069,1.7348552668683581,0.5993668549491065,0.04281191821065046,16.73356651357351,34.1864191393265,0.005010789267666092,0.06252925384030068,0,0.009570202513502329,True,0.0
PCM-B,"[1.0, 0.2, 0.0, 0.0, 0.3333333333333333, 0.0, 0.25, 0.5]",7.9975997361957045,0.5006004144884771,0.5014766952575939,0.05010001099184566,19.999999024115798,10.01200131902148,15.007031687896227,7.000200119572118,280,79.70731405083747,0.4725442549511493,"[0.9995999560326174, 0.00024016579539082146, 0.0005906781030375484, 0.0004000439673826391, 0.9999999349410532, 0.0004000439673826391, 0.25035158439481137, 0.00010005978605902532]",0.10417876890353457,0.2719896725113284,0.16707551924979985,0.0306898336802171,0.011695020881743779,0.06252929869956764,0.36459007013653977,0.0,89.47807211588356,1.7364069131869257,0.6003435557767348,0.04288168255548106,16.735111178385527,34.18660020262863,0.00501918074374898,0.06252929869956764,0,0.00960197742689289,True,0.0
PCM-B,"[1.0, 0.0, 0.0, 0.20000000000000004, 0.3333333333333333, 0.0, 0.25, 0.5]",7.9975997361957045,0.5010001099184567,0.5014769662409319,0.05006004144884771,19.999999024115798,10.01200131902148,15.007031932446038,7.000200119572118,280,79.70679724832446,0.4725092354842266,"[0.9995999560326174, 0.0004000439673826391, 0.0005907864963727299, 0.00024016579539082143, 0.9999999349410532, 0.0004000439673826391, 0.2503515966223019, 0.00010005978605902532]",0.10418304306740873,0.2719965993886585,0.16708639323689078,0.030685885551498746,0.011695020881743779,0.06252929971852515,0.3646138268918034,0.0,89.47942572131802,1.7368303053803018,0.6004155648531426,0.04288682606093876,16.735532749731636,34.18664703412351,0.005019824686347964,0.06252929971852515,0,0.009601931469632431,True,0.0
PCM-B,"[1.0, 0.0, 0.0, 0.0, 0.3333333333333333, 0.3333333333333333, 0.25, 0.5]",7.9975997361957045,0.5010001099184567,0.501476363891558,0.05010001099184566,19.999999024115798,10.004005812430773,15.007032294714769,7.000200119572118,280,79.70775935070311,0.4725419108501903,"[0.9995999560326174, 0.0004000439673826391, 0.0005905455566231938, 0.0004000439673826391, 0.9999999349410532, 0.00013352708102577445, 0.2503516147357384, 0.00010005978605902532]",0.10418327730696536,0.27198370400795097,0.1670879355902888,0.03069011795536233,0.011676349234321554,0.06252930122797823,0.3646164248412911,0.0,89.47797465290581,1.7370947534538423,0.600318189417278,0.04287987067266272,16.735796548192763,34.18668162945239,0.005018970098361482,0.06252930122797823,0,0.009601988864129697,True,0.0
PCM-B,"[1.0, 0.0, 0.0, 0.0, 0.3333333333333333, 0.0, 0.25, 0.5]",7.997600215533482,0.5009999101943825,0.5014763977405357,0.05009999101943825,19.999999024477866,10.011998922332591,15.007030660786166,7.000399781736845,279,79.70643108940203,0.47252180617867995,"[0.999600035922247, 0.00039996407775301355, 0.0005905590962142474, 0.00039996407775301355, 0.999999934965191, 0.00039996407775301355, 0.2503515330393083, 0.00019989086842242825]",0.10418473235034191,0.2720015071394435,0.16708713178069579,0.030689732086875914,0.011695348851929426,0.06252929441994234,0.36461644420955697,0.0,89.47840704745754,1.7369381712808192,0.6003679008774585,0.042883421491247034,16.73564063076848,34.18666147322995,0.005019261189206877,0.06252929441994234,0,0.009601954054507462,True,0.0
PCM-B,"[1.0, 0.0, 0.0, 0.20000000000000004, 0.3333333333333333, 0.3333333333333333, 0.25, 0.5]",7.99760117541452,0.5009995102439498,0.5014739222017434,0.050099951024394976,19.994002938536305,10.011994122927396,15.007027788788617,7.00079960819516,247,79.7062905170555,0.47257496999468096,"[0.9996001959024201, 0.0003998040975799396, 0.0005895688806973462, 0.00039980409757989606, 0.9996001959024202, 0.00039980409757986674, 0.25035138943943086, 0.00039980409757983004]",0.10418516845498021,0.27200339127772827,0.16708690487625932,0.030691198332028692,0.011696005616154262,0.06252928245328593,0.3646163151536942,0.0,89.47850529664589,1.7369341061876753,0.6002347014529936,0.042873907246642404,16.7356372393459,34.186661729095015,0.005017900427848487,0.06252928245328593,0,0.009598992358100775,True,0.0
