T_C,t_h,cum_ug_cm2,flux_ug_cm2_h
15.0,2,0.10455919195863711,0.22323679440054625
15.0,4,1.133844789491496,0.7846878712743267
15.0,6,3.1146014908715527,1.1666331004018113
15.0,8,5.705116223474938,1.4050172423521081
15.0,12,11.87742609516358,1.642823748840045
15.0,24,32.66123812047432,1.7576411948545936
22.0,2,0.43725474298382694,0.7475403939729651
22.0,4,3.086092212630767,1.8024156291207338
22.0,6,7.32437985761738,2.3759049635078555
22.0,8,12.411276278756635,2.678442301946171
22.0,12,23.695090543958415,2.909920568547736
22.0,24,58.93770315071369,2.9090765425520324
32.0,2,1.8586613642311747,2.5039346296608955
32.0,4,9.090281500991468,4.437643275307176
32.0,6,18.844745107048357,5.196411584983428
32.0,8,29.560679695610073,5.469946993678451
32.0,12,51.68317592327347,5.535915282436589
32.0,24,116.20446627311401,5.196461971024117
