kind,pct,label,medium,L_cool_mm,L_gel_mm,L_res_mm,L_mem_mm,C0,p,tau_on,t_wear,J,R_B,S_T,S_C,M14,dT_peak,Ts_min,Tmu_min,Cabs_mean,duty,S_rank
contact,0,c,Ice,7.996106243501486,1.5532301193602978,0.501543945514892,0.05010000143338309,19.999981832312777,10.015596404373095,15.000999785932732,7.000295674569009,0.056100743523693604,89.25025952219792,64.64088397790061,87.10926086283521,0.5313322917011316,0.0,10.501390783863739,33.25004792457951,4.3869034633344635,0.06250416577471975,0.7874138681583979
contact,-5,c,Ice,7.996106243501486,1.5532301193602978,0.501543945514892,0.05010000143338309,19.999981832312777,10.015596404373095,15.000999785932732,7.000295674569009,0.056137678173988514,89.24164817433689,64.64088397790061,87.06968969468896,0.5239625555977636,0.0,10.501390783863739,33.25004792457951,4.32660689119456,0.06250416577471975,0.7902129093777928
contact,-10,c,Ice,7.996106243501486,1.5532301193602978,0.501543945514892,0.05010000143338309,19.999981832312777,10.015596404373095,15.000999785932732,7.000295674569009,0.056179334488969314,89.23193596598931,64.64088397790061,87.02505981376966,0.5160300867862643,0.0,10.501390783863739,33.25004792457951,4.261705686790672,0.06250416577471975,0.793218014530418
contact,-15,c,Ice,7.996106243501486,1.5532301193602978,0.501543945514892,0.05010000143338309,19.999981832312777,10.015596404373095,15.000999785932732,7.000295674569009,0.05622659811422625,89.22091640806708,64.64088397790061,86.97442235416707,0.5074670361913436,0.0,10.501390783863739,33.25004792457951,4.191643687084319,0.06250416577471975,0.7964527539368507
contact,-20,c,Ice,7.996106243501486,1.5532301193602978,0.501543945514892,0.05010000143338309,19.999981832312777,10.015596404373095,15.000999785932732,7.000295674569009,0.056280572462953295,89.20833223876399,64.64088397790061,86.91659513739344,0.49819400210450593,0.0,10.501390783863739,33.25004792457951,4.115769668076329,0.06250416577471975,0.7984996430123089
membrane,-10,m,Ice,7.996106243501486,1.5532301193602978,0.501543945514892,0.05010000143338309,19.999981832312777,10.015596404373095,15.000999785932732,7.000295674569009,0.05624485522781875,89.21665974515494,64.64088397790061,86.95486198724697,0.5238223134363047,0.0,10.501390783863739,33.25004792457951,4.319198277096124,0.06250416577471975,0.7898370636179134
membrane,-5,m,Ice,7.996106243501486,1.5532301193602978,0.501543945514892,0.05010000143338309,19.999981832312777,10.015596404373095,15.000999785932732,7.000295674569009,0.056169296390605306,89.23427635790276,64.64088397790061,87.03581446489153,0.5277627661546892,0.0,10.501390783863739,33.25004792457951,4.354699461461777,0.06250416577471975,0.7885653981081107
membrane,0,m,Ice,7.996106243501486,1.5532301193602978,0.501543945514892,0.05010000143338309,19.999981832312777,10.015596404373095,15.000999785932732,7.000295674569009,0.056100743523693604,89.25025952219792,64.64088397790061,87.10926086283521,0.5313322917011316,0.0,10.501390783863739,33.25004792457951,4.3869034633344635,0.06250416577471975,0.7874138681583979
membrane,5,m,Ice,7.996106243501486,1.5532301193602978,0.501543945514892,0.05010000143338309,19.999981832312777,10.015596404373095,15.000999785932732,7.000295674569009,0.05603819473665812,89.2648428297194,64.64088397790061,87.1762745897654,0.5345808028135905,0.0,10.501390783863739,33.25004792457951,4.416247053280616,0.06250416577471975,0.7863665464705301
membrane,10,m,Ice,7.996106243501486,1.5532301193602978,0.501543945514892,0.05010000143338309,19.999981832312777,10.015596404373095,15.000999785932732,7.000295674569009,0.05598083090078558,89.27821726108392,64.64088397790061,87.23773324652,0.5375497300656127,0.0,10.501390783863739,33.25004792457951,4.443094033777364,0.06250416577471975,0.7854101620497608
