parameter,dS_minus,dS_plus,dTs_minus,dTs_plus,dM_minus,dM_plus,range_S,rank
Cooling-layer thickness,-0.05978267765017842,0.05152467406070749,0.024937504113669462,-0.018342040666368575,0.013429619913224666,-0.011361010997949061,0.1113073517108859,1
Tissue perfusion omega_b,0.0188800604310142,-0.017738929582876928,-0.3537464458312414,0.33700810803966874,-0.010983367325697602,0.009904627967008528,0.03661899001389113,2
Reservoir thickness,0.012744960631351221,-0.011659233786135759,-0.07278995141471079,0.07234948801217733,-0.02695207647158493,0.0241204647196801,0.02440419441748698,3
Initial loading C0,0.0028970455750143564,-0.02058748395059906,0.0,0.0,-0.05313322917011265,0.05313322917011254,0.023484529525613418,4
"Skin-barrier diffusivity D_sb,ref",0.009736885011734753,-0.01201025727960403,0.0,0.0,-0.03482564694322221,0.03283747117286839,0.021747142291338784,5
Daily wear time,-0.012915211043174835,-0.03049910034187764,-0.002272049842614976,0.000932630949026958,-0.08430664628604412,0.08447898351110816,0.017583889298702804,6
Skin conductivity k_skin,0.007840587424910339,-0.005760890542670261,-0.11989109366408357,0.10028501714650417,-0.002127566234701561,0.001769512054926925,0.0136014779675806,7
Thermal-gel thickness,0.006210772602283643,-0.007204145290207298,-0.2057889863683524,0.20253336971311242,0.000128956345430975,-0.00011221913469283695,0.01341491789249094,8
Contact-transfer scale h_0,0.005804146372020091,-0.00505905690984898,0.0,0.0,-0.015302204914867445,0.01327679449679453,0.010863203281869072,9
Cooling-episode duration,-0.028228808206119615,-0.03481744794264263,0.00876546352404084,-0.00020826049282973713,-0.009425177000591534,-0.0035171773057460776,0.0065886397365230165,10
Membrane permeability scaling,0.002423195459515526,-0.0020037061086370933,0.0,0.0,-0.007509978264826911,0.006217438364481076,0.004426901568152619,11
Liner conductivity k_liner,-0.002206037672516481,0.0021383570938564578,0.25437901568062493,-0.21200569702482674,4.073090001122104e-05,-2.3158120069588506e-05,0.004344394766372939,12
Compression pressure p,0.0006765501365183502,-0.0016198165981985424,0.02734067721124589,-0.026726346096046072,-0.002868159290383976,0.00264176292944196,0.0022963667347168926,13
Contact resistance R_c0,0.0010616681326796051,-0.0010652598066959174,-0.10843067243916771,0.10747548227377379,3.245042075150639e-05,-3.0331246508641385e-05,0.0021269279393755225,14
Effective clearance k_clr,0.0008477377740226943,-0.0009228523720810067,0.0,0.0,-0.0003402373595470243,0.0002788716743921116,0.001770590146103701,15
Skin-barrier activation energy E_sb,-0.0006074298524464394,1.2026830975564451e-08,0.0,0.0,0.0030949724029367687,-0.0025439338816946044,0.000607441879277415,16
"Reservoir diffusivity D_res,ref",0.00011308042450197675,-9.232837885075895e-05,0.0,0.0,-0.0003395236183163508,0.0002778722129876954,0.0002054088033527357,17
