perturbation,Ts_min,shift
R_c0 -10%,9.887999173975363,-0.11306769412478523
R_c0 +10%,10.113104523133979,0.11203765503383067
h_ext +10%,9.993851237412736,-0.007215630687412045
T_amb -2 C,9.978671343449832,-0.02239552465031558
alpha_b = 0.02 /K,8.568505088936636,-1.4325617791635121
pack T_init: -10 C,9.912656345651012,-0.08841052244913605
k_liner +10%,9.780013033336393,-0.2210538347637545
k_gel +10%,9.944498407538404,-0.056568460561743805
skin perfusion -10%,9.745804167333482,-0.25526270076666613
